<!DOCTYPE frameset SYSTEM "frameset.dtd">
<frameset>
<predicate lemma="aegis">
<roleset id="aegis.01" name="support openly" source="verb-sponsor.01" vncls="29.8">
<roles>

<role descr="sponsor" n="0">
<vnrole vncls="29.8" vntheta="Agent"/></role>

<role descr="thing sponsored" n="1">
<vnrole vncls="29.8" vntheta="Theme"/></role>

</roles>

<example name="autogen1">
<text>
its new French marketing concern has started operating under the
aegis of the company 's West German subsidiary , which formerly
handled all sales of Toshiba electronic products in France
</text>
<arg n="1">its new French marketing concern ---> *-2</arg>
<arg n="Support">operating under</arg>
<rel>aegis</rel>
<arg n="0">
of the company 's West German subsidiary , which formerly handled
all sales of Toshiba electronic products in France</arg>
</example>

</roleset>
</predicate>
</frameset>
