<!DOCTYPE frameset SYSTEM "frameset.dtd">
<frameset>
<predicate lemma="assertion">
<roleset id="assertion.01" name="speak up" source="verb-assert.01" vncls="48.1.2">
<roles>

<role descr="asserter" n="0">
<vnrole vncls="48.1.2" vntheta="Agent"/></role>

<role descr="thing asserted" n="1">
<vnrole vncls="48.1.2" vntheta="Theme"/></role>

</roles>

<example name="autogen1">
<text>
The government 's assertions of the cover-up
</text>
<arg n="0">The government 's</arg>
<rel>assertions</rel>
<arg n="1">of the cover-up</arg>
</example>

<example name="autogen2">
<text>
no facts -LCB- behind the assertions -RCB- that we sent any kind
of signal
</text>
<rel>assertions</rel>
<arg f="PRD" n="1">that we sent any kind of signal</arg>
</example>

</roleset>
</predicate>
</frameset>
