<!DOCTYPE frameset SYSTEM "frameset.dtd">
<frameset>
<predicate lemma="blueprint">
<roleset id="blueprint.01" name="work-of-art">
<roles>

<role descr="agent" n="0"></role>

<role descr="theme" n="1"></role>

</roles>

<example name="autogen1">
<text>
the fascist social blueprint of Mussolini
</text>
<arg n="1">social</arg>
<rel>blueprint</rel>
<arg n="0">of Mussolini</arg>
</example>

<example name="autogen2">
<text>
to have a blueprint for action
</text>
<arg n="0">NIL</arg>
<arg n="Support">have</arg>
<rel>blueprint</rel>
<arg n="1">for action</arg>
</example>

</roleset>
</predicate>
</frameset>
