<!DOCTYPE frameset SYSTEM "frameset.dtd">
<frameset>
<predicate lemma="branch">
<roleset id="branch.01" name="partitive-part">
<roles>

<role descr="whole" n="1"></role>

<role descr="theme" n="2"></role>

</roles>

<example name="autogen1">
<text>
its 17 Bay-area branches
</text>
<arg n="1">its</arg>
<arg n="2">Bay-area</arg>
<rel>branches</rel>
</example>

<example name="autogen4">
<text>
the executive branch
</text>
<arg n="2">executive</arg>
<rel>branch</rel>
</example>

</roleset>
<roleset id="branch.02" name="partitive-part/meronym">
<roles>

<role descr="whole" n="1"></role>

</roles>

<example name="autogen1">
<text>
the dead branches of your portfolio
</text>
<rel>branches</rel>
<arg n="1">of your portfolio</arg>
</example>

</roleset>
</predicate>
</frameset>
