<!DOCTYPE frameset SYSTEM "frameset.dtd">
<frameset>
<predicate lemma="breeding">
<roleset id="breeding.01" name="to cause to reproduce" source="verb-breed.01">
<roles>

<role descr="causer, agent" n="0"></role>

<role descr="entity bred" n="1"></role>

</roles>

<example name="autogen1">
<text>
Givens managed horse-breeding in a businesslike way
</text>
<arg n="0">Givens</arg>
<arg n="Support">managed</arg>
<arg n="1">horse-breeding</arg>
<rel>horse-breeding</rel>
</example>

<example name="autogen2">
<text>
stallion breeding rights
</text>
<arg n="1">stallion</arg>
<rel>breeding</rel>
</example>

</roleset>
</predicate>
</frameset>
