<!DOCTYPE frameset SYSTEM "frameset.dtd">
<frameset>
<predicate lemma="build-up">
<roleset id="build-up.01" name="build up: cause to be bigger" source="verb-build.05">
<roles>

<role descr="builder" n="0"></role>

<role descr="theme" n="1"></role>

<role descr="extent" n="2"></role>

<role descr="start point" n="3"></role>

<role descr="end point, end state of arg1" n="4"></role>

</roles>

<example name="autogen1">
<text>
my cash buildup
</text>
<arg n="0">my</arg>
<arg n="1">cash</arg>
<rel>buildup</rel>
</example>

<example name="autogen2">
<text>
all the recessionary buildup of the last few months
</text>
<arg n="4">recessionary</arg>
<rel>buildup</rel>
<arg n="1">of the last few months</arg>
</example>

</roleset>
</predicate>
</frameset>
