<!DOCTYPE frameset SYSTEM "frameset.dtd">
<frameset>
<predicate lemma="bustle">
<roleset id="bustle.01" name="change location" source="verb-move.01" vncls="11.2">
<roles>

<role descr="mover" n="0">
<vnrole vncls="11.2" vntheta="Agent"/></role>

<role descr="moved" n="1">
<vnrole vncls="11.2" vntheta="Theme"/></role>

<role descr="destination" n="2">
<vnrole vncls="11.2" vntheta="Destination"/></role>

</roles>

<example name="autogen1">
<text>
the bustle of Pittsburgh
</text>
<rel>bustle</rel>
<arg n="1">of Pittsburgh</arg>
</example>

</roleset>
</predicate>
</frameset>
