<!DOCTYPE frameset SYSTEM "frameset.dtd">
<frameset>
<predicate lemma="caveat">
<roleset id="caveat.01" name="work-of-art">
<roles>

<role descr="agent" n="0"></role>

<role descr="theme" n="1"></role>

</roles>

<example name="autogen1">
<text>
the Berliner patent caveat
</text>
<arg n="1">Berliner patent</arg>
<rel>caveat</rel>
</example>

<example name="autogen2">
<text>
a unilateral American caveat , that U.S. aid to the resistance
would continue as long as Soviet aid to Kabul did
</text>
<arg n="0">American</arg>
<rel>caveat</rel>
<arg n="1">
that U.S. aid to the resistance would continue as long as Soviet
aid to Kabul did</arg>
</example>

</roleset>
</predicate>
</frameset>
