<!DOCTYPE frameset SYSTEM "frameset.dtd">
<frameset>
<predicate lemma="cent">
<roleset id="cent.01" name="partitive-quant">
<roles>

<role descr="quantified" n="1"></role>

</roles>

<example name="autogen1">
<text>
50 cents of their Social Security benefits
</text>
<rel>cents</rel>
<arg n="1">of their Social Security benefits</arg>
</example>

</roleset>
<roleset id="cent.02" name="meronym">
<roles>

<role descr="whole" n="1"></role>

</roles>

<example name="autogen1">
<text>
just 30 cents on the dollar
</text>
<rel>cents</rel>
<arg n="1">on the dollar</arg>
</example>

<example name="autogen2">
<text>
22 cents on the dollar
</text>
<rel>cents</rel>
<arg n="1">on the dollar</arg>
</example>

</roleset>
</predicate>
</frameset>
