<!DOCTYPE frameset SYSTEM "frameset.dtd">
<frameset>
<predicate lemma="chronicle">
<roleset id="chronicle.01" name="make a permanent record" source="verb-record.01" vncls="25.4">
<roles>

<role descr="recorder" n="0">
<vnrole vncls="25.4" vntheta="Agent"/></role>

<role descr="record" n="1">
<vnrole vncls="25.4" vntheta="Theme"/></role>

</roles>

<example name="autogen1">
<text>
Alexander Solzhenitsyn 's long-banned chronicle of Soviet
repression
</text>
<arg n="0">Alexander Solzhenitsyn 's</arg>
<rel>chronicle</rel>
<arg n="1">of Soviet repression</arg>
</example>

<example name="autogen2">
<text>
The Heidi Chronicles
</text>
<arg n="1">Heidi</arg>
<rel>Chronicles</rel>
</example>

</roleset>
</predicate>
</frameset>
