<!DOCTYPE frameset SYSTEM "frameset.dtd">
<frameset>
<predicate lemma="circuit">
<roleset id="circuit.01" name="field">
<roles>

<role descr="topic" n="1"></role>

</roles>

<example name="autogen1">
<text>
a new eight-team pro sports circuit
</text>
<arg f="TMP" n="M">new</arg>
<arg n="1">pro sports</arg>
<rel>circuit</rel>
</example>

<example name="autogen2">
<text>
the nightclub circuit
</text>
<arg n="1">nightclub</arg>
<rel>circuit</rel>
</example>

</roleset>
<roleset id="circuit.02" name="to move in a circle" source="verb-circle.01">
<roles>

<role descr="entity moving" n="0"></role>

</roles>

<example name="autogen1">
<text>
a home 's electrical circuits
</text>
<arg n="0">electrical</arg>
<rel>circuits</rel>
</example>

</roleset>
</predicate>
</frameset>
