<!DOCTYPE frameset SYSTEM "frameset.dtd">
<frameset>
<predicate lemma="coattail">
<roleset id="coattail.01" name="rely" source="verb-depend.01">
<roles>

<role descr="experiencer" n="0"></role>

<role descr="theme" n="1"></role>

</roles>

<example name="autogen1">
<text>
And New York Life made a plea for Red Cross donations in
newspaper ads in the San Francisco area , latching onto the
coattails of the Red Cross 's impeccable reputation
</text>
<arg n="0">New York Life ---> *-1</arg>
<arg n="Support">latching onto</arg>
<rel>coattails</rel>
<arg n="1">of the Red Cross 's impeccable reputation</arg>
</example>

<example name="autogen2">
<text>
Many fly-by-night charities ride the coattails of the biggest ,
best-known and most reputable ones by adopting names similar to
theirs .
</text>
<arg n="0">Many fly-by-night charities</arg>
<arg n="Support">ride</arg>
<rel>coattails</rel>
<arg n="1">of the biggest , best-known and most reputable ones</arg>
</example>

</roleset>
</predicate>
</frameset>
