<!DOCTYPE frameset SYSTEM "frameset.dtd">
<frameset>
<predicate lemma="collateral">
<roleset id="collateral.01" name="attribute" source="verb-secure.02">
<roles>

<role descr="theme" n="1"></role>

<role descr="value" n="2"></role>

</roles>

<example name="autogen1">
<text>
those investors often borrow heavily to buy their holdings and
use the stocks as collateral for loans
</text>
<arg n="Support">use as</arg>
<arg n="2">the stocks</arg>
<rel>collateral</rel>
<arg n="1">for loans</arg>
</example>

<example name="autogen2">
<text>
collateral for new deals
</text>
<rel>collateral</rel>
<arg n="2">for new deals</arg>
</example>

</roleset>
</predicate>
</frameset>
