<!DOCTYPE frameset SYSTEM "frameset.dtd">
<frameset>
<predicate lemma="competence">
<roleset id="competence.01" name="nomadj-competent/ability">
<roles>

<role descr="agent" n="0"></role>

<role descr="action" n="1"></role>

</roles>

<example name="autogen1">
<text>
his competence
</text>
<arg n="0">his</arg>
<rel>competence</rel>
</example>

<example name="autogen2">
<text>
to convey a sense of dignified , broad-scale competence and
expertise in selling today 's myriad financial products
</text>
<arg n="Support">convey sense of</arg>
<rel>competence</rel>
<arg n="1">in selling today 's myriad financial products</arg>
</example>

</roleset>
</predicate>
</frameset>
