<!DOCTYPE frameset SYSTEM "frameset.dtd">
<frameset>
<predicate lemma="contraction">
<roleset id="contraction.01" name="get smaller" source="verb-contract.01" vncls="45.4">
<roles>

<role descr="thing getting smaller" n="1">
<vnrole vncls="45.4" vntheta="Patient"/></role>

<role descr="ext" n="2"></role>

<role descr="start point" n="3"></role>

<role descr="end point" n="4"></role>

</roles>

<example name="autogen1">
<text>
contractions of large muscle groups
</text>
<rel>contractions</rel>
<arg n="1">of large muscle groups</arg>
</example>

<example name="autogen2">
<text>
muscle contractions
</text>
<arg n="1">muscle</arg>
<rel>contractions</rel>
</example>

</roleset>
<roleset id="contraction.02" name="fall" source="verb-decline.01" vncls="45.6">
<roles>

<role descr="logical subject, patient, thing declining" n="1">
<vnrole vncls="45.6" vntheta="Patient"/></role>

<role descr="ext, amount declined by" n="2">
<vnrole vncls="45.6" vntheta="Extent"/></role>

<role descr="start point" n="3"></role>

<role descr="end point, end state of arg1" n="4"></role>

<role descr="medium" n="M"></role>

</roles>

<example name="autogen1">
<text>
a `` major contraction ''
</text>
<arg f="MNR" n="M">major</arg>
<rel>contraction</rel>
</example>

<example name="autogen2">
<text>
a 5 % contraction in foreign direct investment
</text>
<arg n="2">5 %</arg>
<rel>contraction</rel>
<arg n="1">in foreign direct investment</arg>
</example>

</roleset>
</predicate>
</frameset>
