<!DOCTYPE frameset SYSTEM "frameset.dtd">
<frameset>
<predicate lemma="convertibility">
<roleset id="convertibility.01" name="transform" source="verb-convert.01" vncls="26.6">
<roles>

<role descr="causer of transformation" n="0">
<vnrole vncls="26.6" vntheta="Agent"/></role>

<role descr="thing changing" n="1">
<vnrole vncls="26.6" vntheta="Patient"/></role>

<role descr="end state" n="2">
<vnrole vncls="26.6" vntheta="Product"/></role>

<role descr="start state" n="3">
<vnrole vncls="26.6" vntheta="Material"/></role>

</roles>

<example name="autogen1">
<text>
the convertibility of Olivetti 's machine tools to military use
</text>
<rel>convertibility</rel>
<arg n="1">of Olivetti 's machine tools</arg>
<arg n="2">to military use</arg>
</example>

</roleset>
</predicate>
</frameset>
