<!DOCTYPE frameset SYSTEM "frameset.dtd">
<frameset>
<predicate lemma="criminal">
<roleset id="criminal.01" name="threaten" source="verb-threaten.01" vncls="31.1">
<roles>

<role descr="agent, entity making a threat" n="0">
<vnrole vncls="31.1" vntheta="Cause"/></role>

<role descr="threat" n="1">
<vnrole vncls="31.1" vntheta="Experiencer"/></role>

<role descr="beneficiary', entity threatened" n="2"></role>

</roles>

<example name="autogen1">
<text>
violent criminals
</text>
<arg f="MNR" n="M">violent</arg>
<arg n="0">criminals</arg>
<rel>criminals</rel>
</example>

<example name="autogen2">
<text>
war criminals
</text>
<arg f="TMP" n="M">war</arg>
<arg n="0">criminals</arg>
<rel>criminals</rel>
</example>

</roleset>
</predicate>
</frameset>
