<!DOCTYPE frameset SYSTEM "frameset.dtd">
<frameset>
<predicate lemma="crucible">
<roleset id="crucible.01" name="environment">
<roles>

<role descr="action" n="1"></role>

<role descr="value" n="2"></role>

<role descr="secondary-theme" n="3"></role>

</roles>

<example name="autogen1">
<text>
the crucible of deliberations
</text>
<rel>crucible</rel>
<arg n="1">of deliberations</arg>
</example>

<example name="autogen2">
<text>
the crucible of Panama 's long history of conspirators and
pirates
</text>
<rel>crucible</rel>
<arg n="1">of Panama 's long history of conspirators and pirates</arg>
</example>

</roleset>
</predicate>
</frameset>
