<!DOCTYPE frameset SYSTEM "frameset.dtd">
<frameset>
<predicate lemma="cue">
<roleset id="cue.01" name="nomlike" source="verb-follow.02" vncls="51.6">
<roles>

<role descr="acceptor, pursuer" n="0">
<vnrole vncls="51.6" vntheta="Agent"/></role>

<role descr="thing followed" n="1">
<vnrole vncls="51.6" vntheta="Theme"/></role>

</roles>

<example name="autogen1">
<text>
took their cues from Moscow
</text>
<arg n="Support">took</arg>
<arg n="0">their</arg>
<rel>cues</rel>
<arg n="1">from Moscow</arg>
</example>

<example name="autogen2">
<text>
most other airline issues took their cue from UAL
</text>
<arg n="Support">took</arg>
<arg n="0">their</arg>
<rel>cue</rel>
<arg n="1">from UAL</arg>
</example>

</roleset>
</predicate>
</frameset>
