<!DOCTYPE frameset SYSTEM "frameset.dtd">
<frameset>
<predicate lemma="cutback">
<roleset id="cutback.01" name="reduce" source="verb-cut.02" vncls="21.1">
<roles>

<role descr="cutter" n="0">
<vnrole vncls="21.1" vntheta="Agent"/></role>

<role descr="thing reduced" n="1">
<vnrole vncls="21.1" vntheta="Patient"/></role>

<role descr="amount reduced by" n="2"></role>

<role descr="start point" n="3"></role>

<role descr="end point" n="4"></role>

</roles>

<example name="autogen1">
<text>
the court 's cutbacks in civil rights
</text>
<arg n="0">the court 's</arg>
<rel>cutbacks</rel>
<arg n="1">in civil rights</arg>
</example>

<example name="autogen2">
<text>
The 200-person staff cutback
</text>
<arg n="2">200-person</arg>
<arg n="1">staff</arg>
<rel>cutback</rel>
</example>

</roleset>
</predicate>
</frameset>
