<!DOCTYPE frameset SYSTEM "frameset.dtd">
<frameset>
<predicate lemma="default">
<roleset id="default.01" name="fail" source="verb-default.01">
<roles>

<role descr="entity failing" n="1"></role>

<role descr="task" n="2"></role>

<role descr="loaner of money" n="3"></role>

<role descr="amount of money" n="4"></role>

</roles>

<example name="autogen1">
<text>
last year the FHA lost $ 4.2 billion in loan defaults
</text>
<arg n="3">the FHA</arg>
<arg n="Support">lost $ in</arg>
<arg n="4">$ 4.2 billion</arg>
<arg n="2">loan</arg>
<rel>defaults</rel>
</example>

<example name="autogen2">
<text>
countries in default to the U.S. government
</text>
<arg n="1">countries</arg>
<rel>default</rel>
<arg n="3">to the U.S. government</arg>
</example>

</roleset>
</predicate>
</frameset>
