<!DOCTYPE frameset SYSTEM "frameset.dtd">
<frameset>
<predicate lemma="demographics">
<roleset id="demographics.01" name="attribute">
<roles>

<role descr="theme" n="1"></role>

<role descr="value" n="2"></role>

</roles>

<example name="autogen1">
<text>
its hard-to-fault demographics : 10.8 million subscribers in the
first half , up from 10.5 million a year ago ; an average age of
42 for readers -- at the height of their consuming years ;
loyalty to the tune of an 85 % average subscription renewal rate
</text>
<rel>demographics</rel>
<arg n="2">
10.8 million subscribers in the first half , up from 10.5 million
a year ago ; an average age of 42 for readers -- at the height of
their consuming years ; loyalty to the tune of an 85 % average
subscription renewal rate</arg>
</example>

</roleset>
</predicate>
</frameset>
