<!DOCTYPE frameset SYSTEM "frameset.dtd">
<frameset>
<predicate lemma="dependence">
<roleset id="dependence.01" name="rely" source="verb-depend.01">
<roles>

<role descr="result/experiencer" n="0"></role>

<role descr="theme" n="1"></role>

</roles>

<example name="autogen1">
<text>
U.S. dependence on offshore crude
</text>
<arg n="0">U.S.</arg>
<rel>dependence</rel>
<arg n="1">on offshore crude</arg>
</example>

<example name="autogen2">
<text>
their dependence on chemical fertilizers and pesticides
</text>
<arg n="0">their</arg>
<rel>dependence</rel>
<arg n="1">on chemical fertilizers and pesticides</arg>
</example>

</roleset>
</predicate>
</frameset>
