<!DOCTYPE frameset SYSTEM "frameset.dtd">
<frameset>
<predicate lemma="depiction">
<roleset id="depiction.01" name="show to be" source="verb-depict.01">
<roles>

<role descr="agent" n="0"></role>

<role descr="theme" n="1"></role>

<role descr="attribute" n="2"></role>

</roles>

<example name="autogen1">
<text>
their depiction
</text>
<arg n="1">their</arg>
<rel>depiction</rel>
</example>

<example name="autogen2">
<text>
its unrealistic depiction of the characters ' professional and
private lives
</text>
<arg n="0">its</arg>
<arg f="MNR" n="M">unrealistic</arg>
<rel>depiction</rel>
<arg n="1">of the characters ' professional and private lives</arg>
</example>

</roleset>
</predicate>
</frameset>
