<!DOCTYPE frameset SYSTEM "frameset.dtd">
<frameset>
<predicate lemma="depreciation">
<roleset id="depreciation.01" name="lose value" source="verb-depreciate.01" vncls="45.6">
<roles>

<role descr="thing losing value" n="1">
<vnrole vncls="45.6" vntheta="Patient"/></role>

</roles>

<example name="autogen1">
<text>
operating profit before depreciation of $ 90 million on revenue
of $ 150 million in 1988
</text>
<arg n="1">operating profit</arg>
<rel>depreciation</rel>
</example>

<example name="autogen2">
<text>
its operating profit before depreciation and amortization
</text>
<arg n="1">its operating profit</arg>
<rel>depreciation</rel>
</example>

</roleset>
</predicate>
</frameset>
