<!DOCTYPE frameset SYSTEM "frameset.dtd">
<frameset>
<predicate lemma="discontinuation">
<roleset id="discontinuation.01" name="to stop doing or manufacturing" source="verb-discontinue.01" vncls="55.2">
<roles>

<role descr="entity ending something, agent" n="0">
<vnrole vncls="55.2" vntheta="Agent"/></role>

<role descr="thing discontinued" n="1">
<vnrole vncls="55.2" vntheta="Theme"/></role>

</roles>

<example name="autogen1">
<text>
the proposed discontinuation of the company 's troubled British
subsidiary
</text>
<rel>discontinuation</rel>
<arg n="1">of the company 's troubled British subsidiary</arg>
</example>

<example name="autogen2">
<text>
the discontinuation of unsuccessful product lines
</text>
<rel>discontinuation</rel>
<arg n="1">of unsuccessful product lines</arg>
</example>

</roleset>
</predicate>
</frameset>
