<!DOCTYPE frameset SYSTEM "frameset.dtd">
<frameset>
<predicate lemma="dismay">
<roleset id="dismay.01" name="to depress, get down, or upset" source="verb-dismay.01" vncls="31.4">
<roles>

<role descr="agent, causer" n="0">
<vnrole vncls="31.4" vntheta="Cause"/></role>

<role descr="entity dismayed" n="1">
<vnrole vncls="31.4" vntheta="Experiencer"/></role>

<role descr="entity dismayed at" n="2">
<vnrole vncls="31.4" vntheta="Theme"/></role>

</roles>

<example name="autogen1">
<text>
To the astonishment and dismay of her superiors and legal
authorities -- and perhaps as a measure of the unpopularity of
standardized tests -- Mrs . Yeargin won widespread local support
.
</text>
<rel>dismay</rel>
<arg n="1">of her superiors and legal authorities</arg>
<arg n="0">Mrs . Yeargin</arg>
</example>

<example name="autogen2">
<text>
A marketing consultant , he pioneered slashing ad agency
commissions , to the delight of advertising clients and the
dismay of agencies
</text>
<arg n="0">he</arg>
<arg n="Support">pioneered to</arg>
<rel>dismay</rel>
<arg n="1">of agencies</arg>
</example>

</roleset>
</predicate>
</frameset>
