<!DOCTYPE frameset SYSTEM "frameset.dtd">
<frameset>
<predicate lemma="distribution">
<roleset id="distribution.01" name="distribute" source="verb-distribute.01" vncls="13.2">
<roles>

<role descr="distributor" n="0">
<vnrole vncls="13.2" vntheta="Agent"/></role>

<role descr="thing distributed" n="1">
<vnrole vncls="13.2" vntheta="Theme"/></role>

<role descr="distributed to" n="2">
<vnrole vncls="13.2" vntheta="Recipient"/></role>

</roles>

<example name="autogen1">
<text>
my asset distribution
</text>
<arg n="0">my</arg>
<arg n="1">asset</arg>
<rel>distribution</rel>
</example>

<example name="autogen2">
<text>
the pro rata distribution of increases to all members
</text>
<arg f="MNR" n="M">pro rata</arg>
<rel>distribution</rel>
<arg n="1">of increases</arg>
<arg n="2">to all members</arg>
</example>

</roleset>
</predicate>
</frameset>
