<!DOCTYPE frameset SYSTEM "frameset.dtd">
<frameset>
<predicate lemma="doldrums">
<roleset id="doldrums.01" name="attribute/nomadjlike-stagnant">
<roles>

<role descr="theme" n="1"></role>

<role descr="value" n="2"></role>

</roles>

<example name="autogen1">
<text>
the doldrums in the convenience-store business
</text>
<rel>doldrums</rel>
<arg n="1">in the convenience-store business</arg>
</example>

<example name="autogen2">
<text>
its recent doldrums
</text>
<arg n="1">its</arg>
<arg f="TMP" n="M">recent</arg>
<rel>doldrums</rel>
</example>

</roleset>
</predicate>
</frameset>
