<!DOCTYPE frameset SYSTEM "frameset.dtd">
<frameset>
<predicate lemma="drawback">
<roleset id="drawback.01" name="attribute">
<roles>

<role descr="theme" n="1"></role>

<role descr="value" n="2"></role>

</roles>

<example name="autogen1">
<text>
his computer 's drawbacks
</text>
<arg n="1">his computer 's</arg>
<arg f="REF" n="2">drawbacks</arg>
<rel>drawbacks</rel>
</example>

<example name="autogen2">
<text>
the financial , not political , drawbacks of junk bonds
</text>
<arg f="REF" n="2">drawbacks</arg>
<rel>drawbacks</rel>
<arg n="1">of junk bonds</arg>
</example>

</roleset>
</predicate>
</frameset>
