<!DOCTYPE frameset SYSTEM "frameset.dtd">
<frameset>
<predicate lemma="dynamic">
<roleset id="dynamic.01" name="attribute">
<roles>

<role descr="theme" n="1"></role>

<role descr="value" n="2"></role>

</roles>

<example name="autogen1">
<text>
the dynamics of this situation
</text>
<arg f="REF" n="2">dynamics</arg>
<rel>dynamics</rel>
<arg n="1">of this situation</arg>
</example>

<example name="autogen2">
<text>
the terrible dynamics of the Latin American drug wars
</text>
<arg f="REF" n="2">dynamics</arg>
<rel>dynamics</rel>
<arg n="1">of the Latin American drug wars</arg>
</example>

</roleset>
</predicate>
</frameset>
