<!DOCTYPE frameset SYSTEM "frameset.dtd">
<frameset>
<predicate lemma="echo">
<roleset id="echo.01" name="version/nom" source="verb-echo.01" vncls="47.4">
<roles>

<role descr="repeater, imitator" n="0">
<vnrole vncls="47.4" vntheta="Theme"/></role>

<role descr="original" n="1"></role>

</roles>

<example name="autogen1">
<text>
the echoes of hawkers advertising their wares
</text>
<rel>echoes</rel>
<arg n="0">of hawkers advertising their wares</arg>
</example>

</roleset>
</predicate>
</frameset>
