<!DOCTYPE frameset SYSTEM "frameset.dtd">
<frameset>
<predicate lemma="embargo">
<roleset id="embargo.01" name="block trade to" source="verb-embargo.01">
<roles>

<role descr="blocker" n="0"></role>

<role descr="foiled (destination of) trade" n="1"></role>

</roles>

<example name="autogen1">
<text>
the Cocom embargo of strategic goods
</text>
<arg n="0">Cocom</arg>
<rel>embargo</rel>
<arg n="1">of strategic goods</arg>
</example>

<example name="autogen2">
<text>
the West 's embargo on military deals
</text>
<arg n="0">the West 's</arg>
<rel>embargo</rel>
<arg n="1">on military deals</arg>
</example>

</roleset>
</predicate>
</frameset>
