<!DOCTYPE frameset SYSTEM "frameset.dtd">
<frameset>
<predicate lemma="emission">
<roleset id="emission.01" name="emit, let forth" source="verb-emit.01">
<roles>

<role descr="emitting entity" n="0"></role>

<role descr="thing emitted" n="1"></role>

</roles>

<example name="autogen1">
<text>
Japan 's carbon-dioxide emissions
</text>
<arg n="0">Japan 's</arg>
<arg n="1">carbon-dioxide</arg>
<rel>emissions</rel>
</example>

<example name="autogen2">
<text>
use , or at least emission , of the substance
</text>
<rel>emission</rel>
<arg n="1">of the substance</arg>
</example>

</roleset>
</predicate>
</frameset>
