<!DOCTYPE frameset SYSTEM "frameset.dtd">
<frameset>
<predicate lemma="energy">
<roleset id="energy.01" name="attribute">
<roles>

<role descr="theme" n="1"></role>

<role descr="value" n="2"></role>

</roles>

<example name="autogen1">
<text>
The tremendous energy of the quake
</text>
<arg n="2">tremendous</arg>
<rel>energy</rel>
<arg n="1">of the quake</arg>
</example>

<example name="autogen3">
<text>
the excess energy
</text>
<arg n="2">excess</arg>
<rel>energy</rel>
</example>

</roleset>
</predicate>
</frameset>
