<!DOCTYPE frameset SYSTEM "frameset.dtd">
<frameset>
<predicate lemma="engineering">
<roleset id="engineering.01" name="make, devise, with some difficulty" source="verb-engineer.01">
<roles>

<role descr="engineer" n="0"></role>

<role descr="thing made" n="1"></role>

<role descr="attribute of arg1" n="4"></role>

</roles>

<example name="autogen2">
<text>
a construction engineering firm
</text>
<arg n="1">construction</arg>
<rel>engineering</rel>
</example>

<example name="autogen3">
<text>
the engineering and architecture of the economy
</text>
<rel>engineering</rel>
<arg n="1">of the economy</arg>
</example>

</roleset>
</predicate>
</frameset>
