<!DOCTYPE frameset SYSTEM "frameset.dtd">
<frameset>
<predicate lemma="enhancement">
<roleset id="enhancement.01" name="make seem greater" source="verb-enhance.01">
<roles>

<role descr="causer of greatness, agent" n="0"></role>

<role descr="thing enhanced" n="1"></role>

<role descr="instrument" n="2"></role>

<role descr="enhanced by how much, ext or mnr" n="3"></role>

</roles>

<example name="autogen1">
<text>
the government 's export enhancement program
</text>
<arg n="0">the government 's</arg>
<arg n="1">export</arg>
<rel>enhancement</rel>
<arg n="Support">program</arg>
</example>

<example name="autogen2">
<text>
the credit enhancements
</text>
<arg n="1">credit</arg>
<rel>enhancements</rel>
</example>

</roleset>
</predicate>
</frameset>
