<!DOCTYPE frameset SYSTEM "frameset.dtd">
<frameset>
<predicate lemma="episode">
<roleset id="episode.01" name="version/partitive-quant">
<roles>

<role descr="agent" n="0"></role>

<role descr="theme" n="1"></role>

</roles>

<example name="autogen1">
<text>
NBC News has produced three episodes of an occasional series
produced by Sid Feders called `` Yesterday , Today and Tomorrow ,
'' starring Maria Shriver , Chuck Scarborough and Mary Alice
Williams , that also gives work to actors .
</text>
<arg n="0">NBC News</arg>
<arg n="Support">produced</arg>
<rel>episodes</rel>
<arg n="1">
of an occasional series produced by Sid Feders called ``
Yesterday , Today and Tomorrow , '' starring Maria Shriver ,
Chuck Scarborough and Mary Alice Williams , that also gives work
to actors</arg>
</example>

<example name="autogen2">
<text>
episodes about topics like the Catholic-Jewish dispute over the
Carmelite convent at Auschwitz
</text>
<rel>episodes</rel>
<arg n="1">
about topics like the Catholic-Jewish dispute over the Carmelite
convent at Auschwitz</arg>
</example>

</roleset>
<roleset id="episode.02" name="nomlike" source="verb-experience.01">
<roles>

<role descr="experiencer" n="0" source="1"></role>

<role descr="event" n="1" source="2"></role>

</roles>

<example name="autogen1">
<text>
another sad episode in the saga of the unguided missile who is
chairman
</text>
<rel>episode</rel>
<arg n="1">in the saga of the unguided missile who is chairman</arg>
</example>

<example name="autogen2">
<text>
this immense episode of natural global warming
</text>
<rel>episode</rel>
<arg n="1">of natural global warming</arg>
</example>

</roleset>
</predicate>
</frameset>
