<!DOCTYPE frameset SYSTEM "frameset.dtd">
<frameset>
<predicate lemma="escrow">
<roleset id="escrow.01" name="grasp, bear" source="verb-hold.01" vncls="15.1">
<roles>

<role descr="holder" n="0">
<vnrole vncls="15.1" vntheta="Agent"/></role>

<role descr="thing held" n="1">
<vnrole vncls="15.1" vntheta="Theme"/></role>

<role descr="beneficiary" n="2"></role>

<role descr="secondary attribute of arg1" n="3"></role>

</roles>

<example name="autogen1">
<text>
a contingent payment of as much as 80 cents a share placed in
escrow
</text>
<arg n="1">a contingent payment of as much as 80 cents a share</arg>
<arg n="Support">placed in</arg>
<rel>escrow</rel>
</example>

<example name="autogen2">
<text>
the cash from asset sales currently held in escrow
</text>
<arg n="1">the cash from asset sales</arg>
<arg n="Support">held in</arg>
<rel>escrow</rel>
</example>

</roleset>
</predicate>
</frameset>
