<!DOCTYPE frameset SYSTEM "frameset.dtd">
<frameset>
<predicate lemma="evaporation">
<roleset id="evaporation.01" name="change from liquid to vapor" source="verb-evaporate.01" vncls="45.4">
<roles>

<role descr="heat source" n="0">
<vnrole vncls="45.4" vntheta="Agent"/></role>

<role descr="liquid, now vapor" n="1">
<vnrole vncls="45.4" vntheta="Patient"/></role>

</roles>

<example name="autogen1">
<text>
evaporation of these oxygen atoms
</text>
<rel>evaporation</rel>
<arg n="1">of these oxygen atoms</arg>
</example>

</roleset>
</predicate>
</frameset>
