<!DOCTYPE frameset SYSTEM "frameset.dtd">
<frameset>
<predicate lemma="event">
<roleset id="event.01" name="occur, take place" source="verb-happen.01" vncls="48.3">
<roles>

<role descr="event" n="1">
<vnrole vncls="48.3" vntheta="Theme"/></role>

<role descr="beneficiary" n="2"></role>

</roles>

<example name="autogen1">
<text>
the events of Iran-Contra
</text>
<rel>events</rel>
<arg n="1">of Iran-Contra</arg>
</example>

<example name="autogen2">
<text>
the event of a market decline
</text>
<rel>event</rel>
<arg n="1">of a market decline</arg>
</example>

</roleset>
</predicate>
</frameset>
