<!DOCTYPE frameset SYSTEM "frameset.dtd">
<frameset>
<predicate lemma="exclusion">
<roleset id="exclusion.01" name="exclude, except" source="verb-exclude.01">
<roles>

<role descr="agent, excluder" n="0"></role>

<role descr="patient, thing excluded" n="1"></role>

<role descr="excluded-from" n="2"></role>

</roles>

<example name="autogen1">
<text>
the exclusion of the company 's British sales from the current
year 's figures as a result of the subsidiary 's status as a
proposed discontinued operation
</text>
<rel>exclusion</rel>
<arg n="1">of the company 's British sales</arg>
<arg n="2">from the current year 's figures</arg>
</example>

<example name="autogen2">
<text>
Scoring High concentrated on the same sounds that the test does
-- to the exclusion of other sounds that fifth graders should
know
</text>
<arg n="0">Scoring High</arg>
<rel>exclusion</rel>
<arg n="1">of other sounds that fifth graders should know</arg>
</example>

</roleset>
</predicate>
</frameset>
