<!DOCTYPE frameset SYSTEM "frameset.dtd">
<frameset>
<predicate lemma="exhibit">
<roleset id="exhibit.01" name="cause to see" source="verb-exhibit.01" vncls="29.5">
<roles>

<role descr="exhibiter" n="0">
<vnrole vncls="29.5" vntheta="Agent"/></role>

<role descr="thing seen/exhibition" n="1">
<vnrole vncls="29.5" vntheta="Topic"/></role>

<role descr="seer" n="2">
<vnrole vncls="29.5" vntheta="Recipient"/></role>

</roles>

<example name="autogen1">
<text>
The studies are on exhibit at Harvard this month and will travel
to Chicago 's Institute of Design and the University of
California at Berkeley .
</text>
<arg n="1">The studies</arg>
<rel>exhibit</rel>
</example>

<example name="autogen2">
<text>
Nissan 's gloomy lobby exhibit
</text>
<arg n="0">Nissan 's</arg>
<arg f="LOC" n="M">lobby</arg>
<rel>exhibit</rel>
</example>

</roleset>
</predicate>
</frameset>
