<!DOCTYPE frameset SYSTEM "frameset.dtd">
<frameset>
<predicate lemma="expansionism">
<roleset id="expansionism.01" name="cause to) grow" source="verb-expand.01" vncls="45.4">
<roles>

<role descr="causer of growth, agent" n="0">
<vnrole vncls="45.4" vntheta="Agent"/></role>

<role descr="thing grown" n="1">
<vnrole vncls="45.4" vntheta="Patient"/></role>

<role descr="amount increased by, ext or mnr" n="2"></role>

<role descr="start point" n="3"></role>

<role descr="end point" n="4"></role>

</roles>

<example name="autogen1">
<text>
government expansionism
</text>
<arg n="0">government</arg>
<rel>expansionism</rel>
</example>

</roleset>
</predicate>
</frameset>
