<!DOCTYPE frameset SYSTEM "frameset.dtd">
<frameset>
<predicate lemma="faculty">
<roleset id="faculty.01" name="group/actrel">
<roles>

<role descr="job holder" n="0"></role>

<role descr="quantified/descriptor" n="1"></role>

<role descr="beneficiary/employer" n="2"></role>

<role descr="rank" n="3"></role>

</roles>

<example name="autogen1">
<text>
its scientific faculty
</text>
<arg n="2">its</arg>
<arg n="1">scientific</arg>
<arg n="0">faculty</arg>
<rel>faculty</rel>
</example>

<example name="autogen2">
<text>
Rockefeller 's faculty
</text>
<arg n="2">Rockefeller 's</arg>
<arg n="0">faculty</arg>
<rel>faculty</rel>
</example>

</roleset>
</predicate>
</frameset>
