<!DOCTYPE frameset SYSTEM "frameset.dtd">
<frameset>
<predicate lemma="fighting">
<roleset id="fighting.01" name="fight" source="verb-fight.01" vncls="36.3">
<roles>

<role descr="first fighter" n="0">
<vnrole vncls="36.3" vntheta="Actor1"/></role>

<role descr="second fighter, if separate" n="1">
<vnrole vncls="36.3" vntheta="Actor2"/></role>

<role descr="spoils" n="2"></role>

</roles>

<example name="autogen1">
<text>
the Fed keep inflation-fighting as its top priority even if that
means higher rates
</text>
<arg n="0">the Fed</arg>
<arg n="Support">keep</arg>
<arg n="1">inflation-fighting</arg>
<rel>inflation-fighting</rel>
</example>

<example name="autogen2">
<text>
a significant fighting force
</text>
<rel>fighting</rel>
<arg n="0">force</arg>
</example>

</roleset>
</predicate>
</frameset>
