<!DOCTYPE frameset SYSTEM "frameset.dtd">
<frameset>
<predicate lemma="finder">
<roleset id="finder.01" name="discovery" source="verb-find.01" vncls="29.4">
<roles>

<role descr="finder" n="0">
<vnrole vncls="29.4" vntheta="Agent"/></role>

<role descr="thing found" n="1">
<vnrole vncls="29.4" vntheta="Theme"/></role>

<role descr="beneficiary, found for" n="2">
<vnrole vncls="13.5.1" vntheta="Beneficiary"/></role>

<role descr="attribute of arg1" n="3">
<vnrole vncls="29.4" vntheta="Predicate"/></role>

</roles>

<example name="autogen1">
<text>
a fact-finder
</text>
<arg n="0">fact-finder</arg>
<arg n="1">fact-finder</arg>
<rel>fact-finder</rel>
</example>

</roleset>
</predicate>
</frameset>
