<!DOCTYPE frameset SYSTEM "frameset.dtd">
<frameset>
<predicate lemma="fleet">
<roleset id="fleet.01" name="partitive-quant">
<roles>

<role descr="quantified" n="1"></role>

<role descr="secondary-theme" n="3"></role>

</roles>

<example name="autogen1">
<text>
its aging fleet of Boeing Co. 707s
</text>
<rel>fleet</rel>
<arg n="1">of Boeing Co. 707s</arg>
</example>

<example name="autogen2">
<text>
Aeroflot 's international fleet of 285 planes
</text>
<rel>fleet</rel>
<arg n="1">of 285 planes</arg>
</example>

</roleset>
</predicate>
</frameset>
