<!DOCTYPE frameset SYSTEM "frameset.dtd">
<frameset>
<predicate lemma="foot">
<roleset id="foot.01" name="partitive-quant">
<roles>

<role descr="quantified" n="1"></role>

<role descr="secondary-theme" n="3"></role>

</roles>

<example name="autogen1">
<text>
2.016 million cubic feet of gas
</text>
<rel>feet</rel>
<arg n="1">of gas</arg>
</example>

<example name="autogen2">
<text>
25 extra feet of cable between junction points
</text>
<rel>feet</rel>
<arg n="1">of cable</arg>
</example>

</roleset>
<roleset id="foot.02" name="partitive-part/meronym">
<roles>

<role descr="whole" n="1"></role>

</roles>

<example name="autogen1">
<text>
our feet
</text>
<arg n="1">our</arg>
<rel>feet</rel>
</example>

<example name="autogen3">
<text>
10,000 square feet of a building with 14-foot ceilings and big ,
operable windows
</text>
<rel>feet</rel>
<arg n="1">of a building with 14-foot ceilings and big , operable windows</arg>
</example>

</roleset>
</predicate>
</frameset>
