<!DOCTYPE frameset SYSTEM "frameset.dtd">
<frameset>
<predicate lemma="fraction">
<roleset id="fraction.01" name="partitive-quant">
<roles>

<role descr="quantified" n="1"></role>

<role descr="secondary-theme" n="3"></role>

</roles>

<example name="autogen2">
<text>
a fraction of a second
</text>
<rel>fraction</rel>
<arg n="1">of a second</arg>
</example>

<example name="autogen3">
<text>
fractions of an index point
</text>
<rel>fractions</rel>
<arg n="1">of an index point</arg>
</example>

</roleset>
</predicate>
</frameset>
