<!DOCTYPE frameset SYSTEM "frameset.dtd">
<frameset>
<predicate lemma="fund">
<roleset id="fund.01" name="provide money for, get money for" source="verb-fund.01">
<roles>

<role descr="agent" n="0"></role>

<role descr="theme" n="1"></role>

<role descr="value" n="2"></role>

<role descr="beneficiary" n="3"></role>

</roles>

<example name="autogen1">
<text>
a separate $ 185 million in federal highway funds
</text>
<arg n="2">a separate $ 185 million</arg>
<arg n="0">federal</arg>
<arg n="1">highway</arg>
<rel>funds</rel>
</example>

<example name="autogen2">
<text>
a strike fund of about $ 100 million
</text>
<arg n="1">strike</arg>
<rel>fund</rel>
<arg n="2">of about $ 100 million</arg>
</example>

</roleset>
</predicate>
</frameset>
