<!DOCTYPE frameset SYSTEM "frameset.dtd">
<frameset>
<predicate lemma="fusing">
<roleset id="fusing.01" name="blend, mix, combine" source="verb-blend.01" vncls="22.1-1">
<roles>

<role descr="agent, mixer" n="0">
<vnrole vncls="22.1-1" vntheta="Agent"/></role>

<role descr="ingredient one" n="1">
<vnrole vncls="22.1-1" vntheta="Patient1"/></role>

<role descr="ingredient two" n="2">
<vnrole vncls="22.1-1" vntheta="Patient2"/></role>

<role descr="end product" n="3"></role>

</roles>

<example name="autogen1">
<text>
the fusing of hydrogen atoms
</text>
<rel>fusing</rel>
<arg n="1">of hydrogen atoms</arg>
</example>

</roleset>
</predicate>
</frameset>
