<!DOCTYPE frameset SYSTEM "frameset.dtd">
<frameset>
<predicate lemma="gossip">
<roleset id="gossip.01" name="to engage in or spread gossip" source="verb-gossip.01" vncls="37.6">
<roles>

<role descr="gossiper(s" n="0">
<vnrole vncls="37.6" vntheta="Actor1"/></role>

<role descr="gossip about" n="1">
<vnrole vncls="37.6" vntheta="Topic"/></role>

</roles>

<example name="autogen1">
<text>
its Hollywood gossip show
</text>
<arg n="0">its</arg>
<arg n="1">Hollywood</arg>
<rel>gossip</rel>
</example>

<example name="autogen2">
<text>
a gossip columnist
</text>
<rel>gossip</rel>
<arg n="0">columnist</arg>
</example>

</roleset>
</predicate>
</frameset>
