<!DOCTYPE frameset SYSTEM "frameset.dtd">
<frameset>
<predicate lemma="half">
<roleset id="half.01" name="partitive-quant">
<roles>

<role descr="quantified" n="1"></role>

<role descr="secondary-theme" n="3"></role>

</roles>

<example name="autogen1">
<text>
the first half of the year
</text>
<rel>half</rel>
<arg n="1">of the year</arg>
</example>

<example name="autogen3">
<text>
the second half of next year
</text>
<rel>half</rel>
<arg n="1">of next year</arg>
</example>

</roleset>
</predicate>
</frameset>
