<!DOCTYPE frameset SYSTEM "frameset.dtd">
<frameset>
<predicate lemma="hall">
<roleset id="hall.01" name="meronym/partitive-part">
<roles>

<role descr="whole" n="1"></role>

</roles>

<example name="autogen1">
<text>
Lloyd 's vast trading hall
</text>
<arg n="1">Lloyd 's</arg>
<rel>hall</rel>
</example>

<example name="autogen2">
<text>
the fabled halls of the Capitol inhabited by lobbyists and their
imported shoes
</text>
<rel>halls</rel>
<arg n="1">of the Capitol</arg>
</example>

</roleset>
</predicate>
</frameset>
