<!DOCTYPE frameset SYSTEM "frameset.dtd">
<frameset>
<predicate lemma="harangue">
<roleset id="harangue.01" name="bitch and moan" source="verb-complain.01" vncls="37.8">
<roles>

<role descr="complainer" n="0">
<vnrole vncls="37.8" vntheta="Agent"/></role>

<role descr="topic" n="1">
<vnrole vncls="37.8" vntheta="Topic"/></role>

<role descr="hearer" n="2">
<vnrole vncls="37.8" vntheta="Recipient"/></role>

</roles>

<example name="autogen1">
<text>
they have had to endure anti-union harangues by senior pilots
while flying across the country
</text>
<arg n="2">they ---> *-1</arg>
<arg n="Support">endure</arg>
<arg n="1">anti-union</arg>
<rel>harangues</rel>
<arg n="0">by senior pilots</arg>
</example>

<example name="autogen2">
<text>
In each show , Mancuso gets to unleash similar harangues :
</text>
<arg n="0">Mancuso ---> *-1</arg>
<arg n="Support">unleash</arg>
<arg f="MNR" n="M">similar</arg>
<rel>harangues</rel>
</example>

</roleset>
</predicate>
</frameset>
