<!DOCTYPE frameset SYSTEM "frameset.dtd">
<frameset>
<predicate lemma="harassment">
<roleset id="harassment.01" name="bother" source="verb-harass.01" vncls="31.1">
<roles>

<role descr="botherer, causer of annoyance" n="0">
<vnrole vncls="31.1" vntheta="Cause"/></role>

<role descr="harassed" n="1">
<vnrole vncls="31.1" vntheta="Experiencer"/></role>

<role descr="instrument, if separate from arg0" n="2"></role>

</roles>

<example name="autogen1">
<text>
harassment of diplomats and their families
</text>
<rel>harassment</rel>
<arg n="1">of diplomats and their families</arg>
</example>

</roleset>
</predicate>
</frameset>
