<!DOCTYPE frameset SYSTEM "frameset.dtd">
<frameset>
<predicate lemma="harbinger">
<roleset id="harbinger.01" name="tell the future" source="verb-predict.01">
<roles>

<role descr="fortune teller" n="0"></role>

<role descr="prediction" n="1"></role>

</roles>

<example name="autogen1">
<text>
a harbinger of good news
</text>
<arg n="0">harbinger</arg>
<rel>harbinger</rel>
<arg n="1">of good news</arg>
</example>

<example name="autogen2">
<text>
a harbinger of things to come for the economy
</text>
<arg n="0">harbinger</arg>
<rel>harbinger</rel>
<arg n="1">of things to come for the economy</arg>
</example>

</roleset>
</predicate>
</frameset>
