<!DOCTYPE frameset SYSTEM "frameset.dtd">
<frameset>
<predicate lemma="haulage">
<roleset id="haulage.01" name="carry a load" source="verb-haul.01" vncls="11.4">
<roles>

<role descr="carrier" n="0">
<vnrole vncls="11.4" vntheta="Agent"/></role>

<role descr="thing carried" n="1">
<vnrole vncls="11.4" vntheta="Theme"/></role>

<role descr="instrument" n="2"></role>

<role descr="with' reflecting back on arg0" n="3"></role>

<role descr="beneficiary (predicted but not seen" n="4">
<vnrole vncls="11.4" vntheta="Destination"/></role>

</roles>

<example name="autogen1">
<text>
freight haulage
</text>
<arg n="1">freight</arg>
<rel>haulage</rel>
</example>

</roleset>
</predicate>
</frameset>
