<!DOCTYPE frameset SYSTEM "frameset.dtd">
<frameset>
<predicate lemma="healing">
<roleset id="healing.01" name="to cure or repair" source="verb-heal.01" vncls="45.4">
<roles>

<role descr="entity causing cure" n="0">
<vnrole vncls="45.4" vntheta="Agent"/></role>

<role descr="entity healed" n="1">
<vnrole vncls="45.4" vntheta="Patient"/></role>

</roles>

<example name="autogen1">
<text>
fracture healing
</text>
<arg n="1">fracture</arg>
<rel>healing</rel>
</example>

<example name="autogen2">
<text>
healing of the cornea after eye surgery
</text>
<rel>healing</rel>
<arg n="1">of the cornea</arg>
<arg f="TMP" n="M">after eye surgery</arg>
</example>

</roleset>
</predicate>
</frameset>
