<!DOCTYPE frameset SYSTEM "frameset.dtd">
<frameset>
<predicate lemma="heir">
<roleset id="heir.01" name="defrel">
<roles>

<role descr="relation holder" n="0"></role>

<role descr="relation receptor" n="1"></role>

</roles>

<example name="autogen1">
<text>
the Dorrance heirs
</text>
<arg n="1">Dorrance</arg>
<arg n="0">heirs</arg>
<rel>heirs</rel>
</example>

<example name="autogen2">
<text>
the heirs of singer Bobby Darin
</text>
<arg n="0">heirs</arg>
<rel>heirs</rel>
<arg n="1">of singer Bobby Darin</arg>
</example>

</roleset>
</predicate>
</frameset>
