<!DOCTYPE frameset SYSTEM "frameset.dtd">
<frameset>
<predicate lemma="hit">
<roleset id="hit.01" name="strike" source="verb-hit.01" vncls="18.1">
<roles>

<role descr="agent, hitter - animate only" n="0">
<vnrole vncls="18.1" vntheta="Agent"/></role>

<role descr="thing hit" n="1">
<vnrole vncls="18.4" vntheta="Theme"/></role>

<role descr="instrument, thing hit by or with" n="2">
<vnrole vncls="18.4" vntheta="Instrument"/></role>

</roles>

<example name="autogen1">
<text>
A direct hit on a major city
</text>
<arg f="MNR" n="M">direct</arg>
<rel>hit</rel>
<arg n="1">on a major city</arg>
</example>

</roleset>
<roleset id="hit.02" name="lose, no longer have" source="verb-lose.02">
<roles>

<role descr="entity losing something" n="0"></role>

<role descr="thing lost" n="1"></role>

<role descr="beneficiary, entity gaining thing lost" n="2"></role>

<role descr="source of loss" n="3"></role>

</roles>

<example name="autogen1">
<text>
the agency `` took a hit '' for its reaction to Hurricane Hugo
</text>
<arg n="0">the agency</arg>
<arg n="Support">took</arg>
<rel>hit</rel>
<arg n="3">for its reaction to Hurricane Hugo</arg>
</example>

<example name="autogen2">
<text>
They ca n't take the hit '' to their earnings
</text>
<arg n="0">They</arg>
<arg n="Support">take</arg>
<rel>hit</rel>
<arg n="3">to their earnings</arg>
</example>

</roleset>
<roleset id="hit.03" name="make happy" source="verb-please.01" vncls="31.1">
<roles>

<role descr="agent, pleaser" n="0">
<vnrole vncls="31.1" vntheta="Cause"/></role>

<role descr="patient, entity pleased" n="1">
<vnrole vncls="31.1" vntheta="Experiencer"/></role>

<role descr="instrumental" n="2"></role>

</roles>

<example name="autogen1">
<text>
Another , `` Jeux Sans Frontieres , '' where villagers from
assorted European countries make fools of themselves performing
pointless tasks , is a hit in France .
</text>
<arg f="REF" n="0">hit</arg>
<rel>hit</rel>
<arg n="1">in France</arg>
</example>

<example name="autogen2">
<text>
the hit miniseries
</text>
<rel>hit</rel>
<arg n="0">miniseries</arg>
</example>

</roleset>
<roleset id="hit.04" name="earn points (on exam/competition" source="verb-score.01">
<roles>

<role descr="athlete, scorer" n="0"></role>

<role descr="cognate object, points" n="1"></role>

<role descr="test/game" n="2"></role>

</roles>

<example name="autogen1">
<text>
their team 's 11 hits
</text>
<arg n="0">their team 's</arg>
<rel>hits</rel>
</example>

<example name="autogen2">
<text>
multiple `` hits '' on cancer suppressor genes
</text>
<rel>hits</rel>
<arg n="2">on cancer suppressor genes</arg>
</example>

</roleset>
</predicate>
</frameset>
