<!DOCTYPE frameset SYSTEM "frameset.dtd">
<frameset>
<predicate lemma="hoard">
<roleset id="hoard.01" name="nom/partitive-quant" source="verb-hoard.01" vncls="15.2">
<roles>

<role descr="entity accumulating" n="0">
<vnrole vncls="15.2" vntheta="Agent"/></role>

<role descr="quantified" n="1"></role>

<role descr="secondary-theme" n="3"></role>

</roles>

<example name="autogen1">
<text>
their cash hoards
</text>
<arg n="0">their</arg>
<arg n="1">cash</arg>
<rel>hoards</rel>
</example>

<example name="autogen2">
<text>
their hoard
</text>
<arg n="0">their</arg>
<arg f="REF" n="1">hoard</arg>
<rel>hoard</rel>
</example>

</roleset>
</predicate>
</frameset>
