<!DOCTYPE frameset SYSTEM "frameset.dtd">
<frameset>
<predicate lemma="hodgepodge">
<roleset id="hodgepodge.01" name="group">
<roles>

<role descr="quantified/descriptor" n="1"></role>

<role descr="employer/leader/pivot" n="2"></role>

<role descr="secondary-theme" n="3"></role>

</roles>

<example name="autogen1">
<text>
the hodgepodge of tiny shops and twisted alleys that made up the
merchants ' district
</text>
<rel>hodgepodge</rel>
<arg n="1">of tiny shops and twisted alleys</arg>
</example>

</roleset>
</predicate>
</frameset>
