<!DOCTYPE frameset SYSTEM "frameset.dtd">
<frameset>
<predicate lemma="hoisting">
<roleset id="hoisting.01" name="lift, raise" source="verb-hoist.01" vncls="9.4">
<roles>

<role descr="lifter, raiser" n="0">
<vnrole vncls="9.4" vntheta="Agent"/></role>

<role descr="thing going up" n="1">
<vnrole vncls="9.4" vntheta="Theme"/></role>

<role descr="path" n="2">
<vnrole vncls="9.4" vntheta="Location"/></role>

</roles>

<example name="autogen1">
<text>
any future hoisting of trees
</text>
<arg f="TMP" n="M">future</arg>
<rel>hoisting</rel>
<arg n="1">of trees</arg>
</example>

</roleset>
</predicate>
</frameset>
