<!DOCTYPE frameset SYSTEM "frameset.dtd">
<frameset>
<predicate lemma="imposition">
<roleset id="imposition.01" name="be a bother" source="verb-impose.01">
<roles>

<role descr="imposer (not imposter" n="0"></role>

<role descr="thing imposed" n="1"></role>

<role descr="imposed on" n="2"></role>

</roles>

<example name="autogen1">
<text>
American employees must passively accept a direct imposition of
the Japanese way of doing things
</text>
<arg n="2">American employees</arg>
<arg n="Support">accept</arg>
<arg f="MNR" n="M">direct</arg>
<rel>imposition</rel>
<arg n="1">of the Japanese way of doing things</arg>
</example>

<example name="autogen2">
<text>
The imposition of austerity measures , starting last October ,
</text>
<rel>imposition</rel>
<arg n="1">of austerity measures , starting last October ,</arg>
</example>

</roleset>
</predicate>
</frameset>
