<!DOCTYPE frameset SYSTEM "frameset.dtd">
<frameset>
<predicate lemma="insider">
<roleset id="insider.01" name="nomadj-inside">
<roles>

<role descr="experiencer" n="0"></role>

<role descr="theme" n="1"></role>

</roles>

<example name="autogen2">
<text>
Reebok insiders
</text>
<arg n="1">Reebok</arg>
<arg n="0">insiders</arg>
<rel>insiders</rel>
</example>

<example name="autogen3">
<text>
SEC insider filings
</text>
<arg n="1">SEC</arg>
<arg n="0">insider</arg>
<rel>insider</rel>
</example>

</roleset>
</predicate>
</frameset>
