<!DOCTYPE frameset SYSTEM "frameset.dtd">
<frameset>
<predicate lemma="inspection">
<roleset id="inspection.01" name="to examine carefully, review" source="verb-inspect.01" vncls="30.2">
<roles>

<role descr="examiner" n="0">
<vnrole vncls="30.2" vntheta="Agent"/></role>

<role descr="entity inspected" n="1">
<vnrole vncls="30.2" vntheta="Stimulus"/></role>

<role descr="inspected for what" n="2">
<vnrole vncls="35.4" vntheta="Theme"/></role>

</roles>

<example name="autogen1">
<text>
After the explosion , Kerr-McGee temporarily shut down its
facility just south of Las Vegas for a safety inspection .
</text>
<arg n="Support">shut for</arg>
<arg n="1">its facility just south of Las Vegas</arg>
<arg n="2">safety</arg>
<rel>inspection</rel>
</example>

<example name="autogen2">
<text>
a required inspection by the city
</text>
<rel>inspection</rel>
<arg n="0">by the city</arg>
</example>

</roleset>
</predicate>
</frameset>
