<!DOCTYPE frameset SYSTEM "frameset.dtd">
<frameset>
<predicate lemma="inventiveness">
<roleset id="inventiveness.01" name="nomadj-inventive/nom" source="verb-invent.01" vncls="26.4">
<roles>

<role descr="creator" n="0">
<vnrole vncls="26.4" vntheta="Agent"/></role>

<role descr="thing created" n="1">
<vnrole vncls="26.4" vntheta="Product"/></role>

</roles>

<example name="autogen1">
<text>
the `` creativity and inventiveness of an -LCB- offending -RCB-
country 's own citizens
</text>
<rel>inventiveness</rel>
<arg n="0">of an -LCB- offending -RCB- country 's own citizens</arg>
</example>

</roleset>
</predicate>
</frameset>
