<!DOCTYPE frameset SYSTEM "frameset.dtd">
<frameset>
<predicate lemma="landmark">
<roleset id="landmark.01" name="hallmark">
<roles>

<role descr="relation holder" n="0"></role>

<role descr="relation receptor" n="1"></role>

</roles>

<example name="autogen1">
<text>
a landmark in Dutch corporate law
</text>
<arg n="0">landmark</arg>
<rel>landmark</rel>
<arg n="1">in Dutch corporate law</arg>
</example>

</roleset>
<roleset id="landmark.02" name="nomadjlike-important">
<roles>

<role descr="theme" n="1"></role>

</roles>

<example name="autogen1">
<text>
the landmark Roe vs. Wade Supreme Court decision
</text>
<rel>landmark</rel>
<arg n="1">Roe vs. Wade Supreme Court decision</arg>
</example>

<example name="autogen2">
<text>
landmark Texas real estate
</text>
<rel>landmark</rel>
<arg n="1">Texas real estate</arg>
</example>

</roleset>
</predicate>
</frameset>
