<!DOCTYPE frameset SYSTEM "frameset.dtd">
<frameset>
<predicate lemma="legalization">
<roleset id="legalization.01" name="make legal" source="verb-legalize.01">
<roles>

<role descr="legislative body, agent" n="0"></role>

<role descr="thing now legal" n="1"></role>

</roles>

<example name="autogen1">
<text>
Pretoria 's tacit legalization of the ANC
</text>
<arg n="0">Pretoria 's</arg>
<arg f="MNR" n="M">tacit</arg>
<rel>legalization</rel>
<arg n="1">of the ANC</arg>
</example>

<example name="autogen2">
<text>
the legalization of the New Forum opposition group
</text>
<rel>legalization</rel>
<arg n="1">of the New Forum opposition group</arg>
</example>

</roleset>
</predicate>
</frameset>
