<!DOCTYPE frameset SYSTEM "frameset.dtd">
<frameset>
<predicate lemma="liquidation">
<roleset id="liquidation.01" name="cause to cease to exist" source="verb-liquidate.01" vncls="42.1">
<roles>

<role descr="liquidator, agent" n="0">
<vnrole vncls="42.1" vntheta="Agent"/></role>

<role descr="thing being liquidated" n="1">
<vnrole vncls="42.1" vntheta="Patient"/></role>

</roles>

<example name="autogen1">
<text>
its liquidation
</text>
<arg n="1">its</arg>
<rel>liquidation</rel>
</example>

<example name="autogen2">
<text>
a big liquidation of stock
</text>
<rel>liquidation</rel>
<arg n="1">of stock</arg>
</example>

</roleset>
</predicate>
</frameset>
