<!DOCTYPE frameset SYSTEM "frameset.dtd">
<frameset>
<predicate lemma="livelihood">
<roleset id="livelihood.01" name="wages" source="verb-earn.01" vncls="13.5.1">
<roles>

<role descr="earner" n="0">
<vnrole vncls="13.5.1" vntheta="Agent"/></role>

<role descr="wages" n="1">
<vnrole vncls="13.5.1" vntheta="Theme"/></role>

<role descr="beneficiary" n="2">
<vnrole vncls="13.5.1" vntheta="Beneficiary"/></role>

<role descr="source" n="3">
<vnrole vncls="13.5.1" vntheta="Source"/></role>

</roles>

<example name="autogen1">
<text>
their very livelihood
</text>
<arg n="0">their</arg>
<arg n="1">livelihood</arg>
<rel>livelihood</rel>
</example>

<example name="autogen2">
<text>
money managers who buy bonds in large quantities and whose
livelihood depends on outperforming the money manager across the
street
</text>
<arg n="0">whose</arg>
<arg n="1">livelihood</arg>
<rel>livelihood</rel>
</example>

</roleset>
</predicate>
</frameset>
