<!DOCTYPE frameset SYSTEM "frameset.dtd">
<frameset>
<predicate lemma="longing">
<roleset id="longing.01" name="want, desire" source="verb-long.01" vncls="32.2">
<roles>

<role descr="wanter" n="0">
<vnrole vncls="32.2" vntheta="Experiencer"/></role>

<role descr="wanted" n="1">
<vnrole vncls="32.2" vntheta="Theme"/></role>

</roles>

<example name="autogen1">
<text>
their genuine longing for a little one
</text>
<arg n="0">their</arg>
<arg f="MNR" n="M">genuine</arg>
<rel>longing</rel>
<arg n="1">for a little one</arg>
</example>

<example name="autogen2">
<text>
He has a built-in , constant longing for lower interest rates .
</text>
<arg n="0">He</arg>
<arg n="Support">has</arg>
<arg f="MNR" n="M">constant</arg>
<rel>longing</rel>
<arg n="1">for lower interest rates</arg>
</example>

</roleset>
</predicate>
</frameset>
