<!DOCTYPE frameset SYSTEM "frameset.dtd">
<frameset>
<predicate lemma="manifestation">
<roleset id="manifestation.01" name="come to appear" source="verb-manifest.01" vncls="48.1.2">
<roles>

<role descr="thing appearing" n="1">
<vnrole vncls="48.1.2" vntheta="Theme"/></role>

<role descr="reflexive pronoun" n="2">
<vnrole vncls="48.1.2" vntheta="Recipient"/></role>

</roles>

<example name="autogen1">
<text>
the political manifestations of the Rowland-Molina theory -LRB-
named after the researchers who found in 1974 that
chlorofluorocarbons contributed to the depletion of ozone in the
earth 's atmosphere -RRB-
</text>
<rel>manifestations</rel>
<arg n="1">
of the Rowland-Molina theory -LRB- named after the researchers
who found in 1974 that chlorofluorocarbons contributed to the
depletion of ozone in the earth 's atmosphere -RRB-</arg>
</example>

<example name="autogen2">
<text>
the latest manifestation of the capacity of the financial
community for recurrent insanity
</text>
<arg f="TMP" n="M">latest</arg>
<rel>manifestation</rel>
<arg n="1">of the capacity of the financial community for recurrent insanity</arg>
</example>

</roleset>
</predicate>
</frameset>
