<!DOCTYPE frameset SYSTEM "frameset.dtd">
<frameset>
<predicate lemma="marketing">
<roleset id="marketing.01" name="try to sell, offer for sale" source="verb-market.01">
<roles>

<role descr="seller" n="0"></role>

<role descr="thing sold" n="1"></role>

<role descr="buyer" n="2"></role>

<role descr="attribute" n="3"></role>

<role descr="beneficiary" n="4"></role>

</roles>

<example name="autogen1">
<text>
senior vice president for retail marketing at Manufacturers
Hanover Trust Co. in New York
</text>
<arg n="1">retail</arg>
<rel>marketing</rel>
<arg n="0">at Manufacturers Hanover Trust Co. in New York</arg>
</example>

<example name="autogen2">
<text>
A key marketing target for Digital
</text>
<rel>marketing</rel>
<arg n="2">target</arg>
<arg n="0">for Digital</arg>
</example>

</roleset>
</predicate>
</frameset>
