<!DOCTYPE frameset SYSTEM "frameset.dtd">
<frameset>
<predicate lemma="mean">
<roleset id="mean.01" name="ability-with-agent/attribute">
<roles>

<role descr="agent" n="0"></role>

<role descr="action" n="1"></role>

<role descr="value" n="2"></role>

<role descr="secondary-theme" n="3"></role>

</roles>

<example name="autogen1">
<text>
he intended to use procedural means to block it again and again
</text>
<arg n="0">he ---> *-2</arg>
<arg n="Support">use</arg>
<arg n="2">procedural</arg>
<rel>means</rel>
<arg f="PRD" n="1">to block it again and again</arg>
</example>

<example name="autogen2">
<text>
his only means of defense
</text>
<arg n="0">his</arg>
<rel>means</rel>
<arg n="1">of defense</arg>
</example>

</roleset>
</predicate>
</frameset>
