<!DOCTYPE frameset SYSTEM "frameset.dtd">
<frameset>
<predicate lemma="misfortune">
<roleset id="misfortune.01" name="nomadj-misfortunate">
<roles>

<role descr="experiencer" n="0"></role>

<role descr="action" n="1"></role>

</roles>

<example name="autogen1">
<text>
the other side 's misfortunes
</text>
<arg n="0">the other side 's</arg>
<rel>misfortunes</rel>
</example>

<example name="autogen2">
<text>
the misfortune of others
</text>
<rel>misfortune</rel>
<arg n="0">of others</arg>
</example>

</roleset>
</predicate>
</frameset>
