<!DOCTYPE frameset SYSTEM "frameset.dtd">
<frameset>
<predicate lemma="mortgage">
<roleset id="mortgage.01" name="get money by giving up your possessions" source="verb-mortgage.01">
<roles>

<role descr="mortgager" n="0"></role>

<role descr="possession(s" n="1"></role>

<role descr="provider of money" n="2"></role>

<role descr="money" n="3"></role>

</roles>

<example name="autogen1">
<text>
blacks received fewer home mortgages from banks and thrifts than
whites
</text>
<arg n="0">blacks</arg>
<arg n="Support">received</arg>
<arg n="1">home</arg>
<rel>mortgages</rel>
<arg n="2">from banks and thrifts</arg>
</example>

<example name="autogen2">
<text>
the mortgage companies
</text>
<rel>mortgage</rel>
<arg n="2">companies</arg>
</example>

</roleset>
</predicate>
</frameset>
