<!DOCTYPE frameset SYSTEM "frameset.dtd">
<frameset>
<predicate lemma="movie">
<roleset id="movie.01" name="work-of-art">
<roles>

<role descr="agent" n="0"></role>

<role descr="theme" n="1"></role>

</roles>

<example name="autogen1">
<text>
the Warner movie of Tom Wolfe 's novel `` Bonfire of the Vanities
</text>
<arg n="0">Warner</arg>
<rel>movie</rel>
<arg n="1">of Tom Wolfe 's novel `` Bonfire of the Vanities</arg>
</example>

<example name="autogen2">
<text>
a `` stop-motion '' movie of the blood-filled vessel , -LRB- like
the `` stop-motion '' seen in disco dancers when a strobe light
is flashing -RRB-
</text>
<rel>movie</rel>
<arg n="1">of the blood-filled vessel</arg>
</example>

</roleset>
</predicate>
</frameset>
