<!DOCTYPE frameset SYSTEM "frameset.dtd">
<frameset>
<predicate lemma="multitude">
<roleset id="multitude.01" name="partitive-quant">
<roles>

<role descr="quantified" n="1"></role>

<role descr="secondary-theme" n="3"></role>

</roles>

<example name="autogen1">
<text>
a multitude of physical disorders
</text>
<rel>multitude</rel>
<arg n="1">of physical disorders</arg>
</example>

<example name="autogen2">
<text>
a multitude of dependents
</text>
<rel>multitude</rel>
<arg n="1">of dependents</arg>
</example>

</roleset>
</predicate>
</frameset>
