<!DOCTYPE frameset SYSTEM "frameset.dtd">
<frameset>
<predicate lemma="narrowing">
<roleset id="narrowing.01" name="make narrower" source="verb-narrow.01" vncls="45.4">
<roles>

<role descr="causal agent" n="0">
<vnrole vncls="45.4" vntheta="Agent"/></role>

<role descr="thing becoming narrower" n="1">
<vnrole vncls="45.4" vntheta="Patient"/></role>

<role descr="ext, amount narrowed by" n="2"></role>

<role descr="start point" n="3"></role>

<role descr="end point" n="4"></role>

</roles>

<example name="autogen1">
<text>
a 47 % narrowing in its trade surplus with the U.S.
</text>
<arg n="2">47 %</arg>
<rel>narrowing</rel>
<arg n="1">in its trade surplus with the U.S.</arg>
</example>

<example name="autogen2">
<text>
the narrowing in the nation 's trade gap reflected in successive
full monthly reports
</text>
<rel>narrowing</rel>
<arg n="1">in the nation 's trade gap</arg>
</example>

</roleset>
</predicate>
</frameset>
