<!DOCTYPE frameset SYSTEM "frameset.dtd">
<frameset>
<predicate lemma="neglect">
<roleset id="neglect.01" name="ignore" source="verb-neglect.01">
<roles>

<role descr="ignorer" n="0"></role>

<role descr="thing ignored" n="1"></role>

</roles>

<example name="autogen1">
<text>
the neglect of kingside development
</text>
<rel>neglect</rel>
<arg n="1">of kingside development</arg>
</example>

<example name="autogen2">
<text>
neglect of other chores
</text>
<rel>neglect</rel>
<arg n="1">of other chores</arg>
</example>

</roleset>
</predicate>
</frameset>
