<!DOCTYPE frameset SYSTEM "frameset.dtd">
<frameset>
<predicate lemma="news">
<roleset id="news.01" name="work-of-art">
<roles>

<role descr="agent" n="0"></role>

<role descr="theme" n="1"></role>

<role descr="secondary-theme" n="3"></role>

</roles>

<example name="autogen1">
<text>
The key corporate news of the day was that British Airways
decided to withdraw from a management-led bid for UAL Corp. , the
parent of United Airlines .
</text>
<arg n="1">corporate</arg>
<rel>news</rel>
<arg n="3">
that British Airways decided to withdraw from a management-led
bid for UAL Corp. , the parent of United Airlines</arg>
</example>

<example name="autogen2">
<text>
Disappointing earnings news from some technology companies
</text>
<arg n="1">earnings</arg>
<rel>news</rel>
<arg n="0">from some technology companies</arg>
</example>

</roleset>
</predicate>
</frameset>
