<!DOCTYPE frameset SYSTEM "frameset.dtd">
<frameset>
<predicate lemma="nightmare">
<roleset id="nightmare.01" name="work-of-art/environment/nomadjlike-upsetting" source="verb-upset.01">
<roles>

<role descr="agent" n="0" source="1"></role>

<role descr="theme" n="1" source="2"></role>

</roles>

<example name="autogen1">
<text>
Hollywood 's nightmare of small-town America
</text>
<arg n="0">Hollywood 's</arg>
<rel>nightmare</rel>
<arg n="1">of small-town America</arg>
</example>

<example name="autogen2">
<text>
Determining when handicapped access is required can be a
nightmare for architects
</text>
<arg n="1">Determining when handicapped access is required</arg>
<rel>nightmare</rel>
<arg n="0">for architects</arg>
</example>

</roleset>
</predicate>
</frameset>
