<!DOCTYPE frameset SYSTEM "frameset.dtd">
<frameset>
<predicate lemma="noise">
<roleset id="noise.01" name="attribute/nomadj-noisy" source="verb-sound.02">
<roles>

<role descr="theme" n="1" source="0"></role>

<role descr="value" n="2" source="1"></role>

<role descr="secondary-theme" n="3"></role>

</roles>

<example name="autogen1">
<text>
increased engine noise
</text>
<arg n="1">engine</arg>
<arg f="REF" n="2">noise</arg>
<rel>noise</rel>
</example>

<example name="autogen2">
<text>
all the noise of `` Mancuso FBI
</text>
<arg f="REF" n="2">noise</arg>
<rel>noise</rel>
<arg n="1">of `` Mancuso FBI</arg>
</example>

</roleset>
</predicate>
</frameset>
