<!DOCTYPE frameset SYSTEM "frameset.dtd">
<frameset>
<predicate lemma="operator">
<roleset id="operator.01" name="cf work" source="verb-operate.01" vncls="45.4">
<roles>

<role descr="agent, operator" n="0">
<vnrole vncls="45.4" vntheta="Agent"/></role>

<role descr="thing operated" n="1">
<vnrole vncls="45.4" vntheta="Patient"/></role>

<role descr="explicit patient (thing operated on" n="2"></role>

<role descr="explicit role" n="3"></role>

<role descr="explicit instrument (with or on, ususally" n="4"></role>

</roles>

<example name="autogen1">
<text>
the operator of the 10-store Sports Unlimited chain
</text>
<arg n="0">operator</arg>
<rel>operator</rel>
<arg n="1">of the 10-store Sports Unlimited chain</arg>
</example>

<example name="autogen2">
<text>
an operator of fast-food restaurants
</text>
<arg n="0">operator</arg>
<rel>operator</rel>
<arg n="1">of fast-food restaurants</arg>
</example>

</roleset>
</predicate>
</frameset>
