<!DOCTYPE frameset SYSTEM "frameset.dtd">
<frameset>
<predicate lemma="other">
<roleset id="other.01" name="nomadj/different">
<roles>

<role descr="theme" n="1"></role>

<role descr="secondary-theme" n="3"></role>

</roles>

<example name="autogen1">
<text>
others in the market
</text>
<rel>others</rel>
<arg n="1">in the market</arg>
</example>

<example name="autogen2">
<text>
others of his ilk
</text>
<rel>others</rel>
<arg n="1">of his ilk</arg>
</example>

</roleset>
</predicate>
</frameset>
