<!DOCTYPE frameset SYSTEM "frameset.dtd">
<frameset>
<predicate lemma="outgrowth">
<roleset id="outgrowth.01" name="come about, become" source="verb-result.01" vncls="48.1.1">
<roles>

<role descr="theme, prior condition" n="1">
<vnrole vncls="48.1.1" vntheta="Theme"/></role>

<role descr="goal, end condition" n="2">
<vnrole vncls="48.1.1" vntheta="Location"/></role>

</roles>

<example name="autogen1">
<text>
a natural outgrowth of its current arrangements with Aeroflot to
jointly operate nonstop New York-Moscow flights
</text>
<arg n="2">outgrowth</arg>
<rel>outgrowth</rel>
<arg n="1">
of its current arrangements with Aeroflot to jointly operate
nonstop New York-Moscow flights</arg>
</example>

<example name="autogen2">
<text>
an outgrowth of the government 's privatization program
</text>
<arg n="2">outgrowth</arg>
<rel>outgrowth</rel>
<arg n="1">of the government 's privatization program</arg>
</example>

</roleset>
</predicate>
</frameset>
