<!DOCTYPE frameset SYSTEM "frameset.dtd">
<frameset>
<predicate lemma="pair">
<roleset id="pair.01" name="partitive-quant">
<roles>

<role descr="quantified" n="1"></role>

<role descr="secondary-theme" n="3"></role>

</roles>

<example name="autogen1">
<text>
a huge pair of pliers
</text>
<rel>pair</rel>
<arg n="1">of pliers</arg>
</example>

<example name="autogen2">
<text>
any other pair of nations
</text>
<rel>pair</rel>
<arg n="1">of nations</arg>
</example>

</roleset>
</predicate>
</frameset>
