<!DOCTYPE frameset SYSTEM "frameset.dtd">
<frameset>
<predicate lemma="paperwork">
<roleset id="paperwork.01" name="attribute">
<roles>

<role descr="theme" n="1"></role>

<role descr="value" n="2"></role>

<role descr="secondary-theme" n="3"></role>

</roles>

<example name="autogen1">
<text>
the complexity , paperwork and cost of utilization review
</text>
<arg f="REF" n="2">paperwork</arg>
<rel>paperwork</rel>
<arg n="1">of utilization review</arg>
</example>

</roleset>
</predicate>
</frameset>
