<!DOCTYPE frameset SYSTEM "frameset.dtd">
<frameset>
<predicate lemma="parade">
<roleset id="parade.01" name="have a party" source="verb-celebrate.02">
<roles>

<role descr="celebrator(s" n="0"></role>

<role descr="party, occasion" n="1"></role>

</roles>

<example name="autogen1">
<text>
Newark 's Columbus Day parade
</text>
<arg n="0">Newark 's</arg>
<arg n="1">Columbus Day</arg>
<rel>parade</rel>
</example>

</roleset>
<roleset id="parade.02" name="partitive-quant">
<roles>

<role descr="quantified" n="1"></role>

<role descr="secondary-theme" n="3"></role>

</roles>

<example name="autogen1">
<text>
the parade of imaginary horribles that would follow logically ,
he claimed , from the positions Mr. Bork had taken over the space
of two decades
</text>
<rel>parade</rel>
<arg n="1">
of imaginary horribles that would follow logically , he claimed ,
from the positions Mr. Bork had taken over the space of two
decades</arg>
</example>

<example name="autogen2">
<text>
a dizzying parade of studies of the firm 's operations
</text>
<rel>parade</rel>
<arg n="1">of studies of the firm 's operations</arg>
</example>

</roleset>
</predicate>
</frameset>
