<!DOCTYPE frameset SYSTEM "frameset.dtd">
<frameset>
<predicate lemma="peak">
<roleset id="peak.01" name="attribute" source="verb-peak.01">
<roles>

<role descr="theme" n="1"></role>

<role descr="value" n="2"></role>

<role descr="beneficiary" n="3"></role>

</roles>

<example name="autogen1">
<text>
their $ 1.8 billion peak
</text>
<arg n="1">their</arg>
<arg n="2">$ 1.8 billion</arg>
<rel>peak</rel>
</example>

<example name="autogen2">
<text>
the peak of 2791.41 reached on the Dow industrial average Oct. 9
</text>
<rel>peak</rel>
<arg n="2">of 2791.41</arg>
</example>

</roleset>
</predicate>
</frameset>
