<!DOCTYPE frameset SYSTEM "frameset.dtd">
<frameset>
<predicate lemma="plea">
<roleset id="plea.01" name="give an answer, reply" source="verb-answer.01">
<roles>

<role descr="replier" n="0"></role>

<role descr="in response to" n="1"></role>

<role descr="answer" n="2"></role>

</roles>

<example name="autogen1">
<text>
the firm 's guilty plea to federal insider-trading charges
</text>
<arg n="0">the firm 's</arg>
<arg n="2">guilty</arg>
<rel>plea</rel>
<arg n="1">to federal insider-trading charges</arg>
</example>

<example name="autogen2">
<text>
they have obtained a guilty plea from another person in the
government 's ongoing probe of illegal payments in the record
industry
</text>
<arg n="2">guilty</arg>
<rel>plea</rel>
<arg n="0">from another person</arg>
</example>

</roleset>
<roleset id="plea.02" name="beg" source="verb-appeal.02">
<roles>

<role descr="begger, appealer" n="0"></role>

<role descr="appealed to, begged from" n="1"></role>

<role descr="begged/appealed for" n="2"></role>

</roles>

<example name="autogen1">
<text>
I take advantage of this opportunity given to me by The Wall
Street Journal to make a plea to the millions of readers of this
newspaper , to become soldiers dedicated to the fight against the
use of drugs .
</text>
<arg n="0">I ---> *-1</arg>
<arg n="Support">make</arg>
<rel>plea</rel>
<arg f="PRD" n="2">
*ICH*-2 ---> to become soldiers dedicated to the fight against
the use of drugs</arg>
<arg n="1">to the millions of readers of this newspaper</arg>
</example>

<example name="autogen2">
<text>
pleas for aid from South Carolina small businesses
</text>
<rel>pleas</rel>
<arg n="2">for aid</arg>
<arg n="0">from South Carolina small businesses</arg>
</example>

</roleset>
</predicate>
</frameset>
