<!DOCTYPE frameset SYSTEM "frameset.dtd">
<frameset>
<predicate lemma="plummet">
<roleset id="plummet.01" name="fall dramatically" source="verb-plummet.01" vncls="45.6">
<roles>

<role descr="logical subject, patient, thing falling" n="1">
<vnrole vncls="45.6" vntheta="Patient"/></role>

<role descr="ext, amount fallen" n="2">
<vnrole vncls="45.6" vntheta="Extent"/></role>

<role descr="start point" n="3"></role>

<role descr="end point, end state of arg1" n="4"></role>

<role descr="medium" n="M"></role>

</roles>

<example name="autogen1">
<text>
Friday 's plummet
</text>
<arg f="TMP" n="M">Friday 's</arg>
<rel>plummet</rel>
</example>

</roleset>
</predicate>
</frameset>
