<!DOCTYPE frameset SYSTEM "frameset.dtd">
<frameset>
<predicate lemma="position">
<roleset id="position.01" name="put in a particular location, or describe" source="verb-position.01" vncls="9.1">
<roles>

<role descr="agent, putter" n="0">
<vnrole vncls="9.1" vntheta="Agent"/></role>

<role descr="thing positioned, often rec" n="1">
<vnrole vncls="9.1" vntheta="Theme"/></role>

<role descr="location or position, or attribute of arg1" n="2">
<vnrole vncls="9.1" vntheta="Destination"/></role>

</roles>

<example name="autogen1">
<text>
a shrinking that has propelled laptops into position as the
fastest-growing segment of the computer business
</text>
<arg n="0">a shrinking ---> that ---> *T*-1</arg>
<arg n="Support">propelled into</arg>
<arg n="1">laptops</arg>
<rel>position</rel>
<arg n="2">as the fastest-growing segment of the computer business</arg>
</example>

<example name="autogen2">
<text>
its position in the medical and dental markets
</text>
<arg n="1">its</arg>
<rel>position</rel>
<arg n="2">in the medical and dental markets</arg>
</example>

</roleset>
<roleset id="position.02" name="job">
<roles>

<role descr="job holder" n="0"></role>

<role descr="job title" n="1"></role>

<role descr="beneficiary" n="2"></role>

</roles>

<example name="autogen1">
<text>
his executive positions with Enfield
</text>
<arg n="0">his</arg>
<arg n="1">executive</arg>
<rel>positions</rel>
<arg n="2">with Enfield</arg>
</example>

<example name="autogen2">
<text>
the 13 management positions of the former Midwest Financial
parent company
</text>
<arg n="1">management</arg>
<rel>positions</rel>
<arg n="2">of the former Midwest Financial parent company</arg>
</example>

</roleset>
<roleset id="position.03" name="opinion/view of" source="verb-think.01" vncls="29.4">
<roles>

<role descr="thinker" n="0">
<vnrole vncls="29.4" vntheta="Agent"/></role>

<role descr="thought" n="1">
<vnrole vncls="29.4" vntheta="Theme"/></role>

<role descr="attributive" n="2">
<vnrole vncls="29.4" vntheta="Predicate"/></role>

</roles>

<example name="autogen1">
<text>
Canada 's position on the use of these landing requirements to
conserve and manage these important fisheries
</text>
<arg n="0">Canada 's</arg>
<rel>position</rel>
<arg n="2">
on the use of these landing requirements to conserve and manage
these important fisheries</arg>
</example>

<example name="autogen2">
<text>
the bank 's position that it is comfortable with the current
level of $ 2.6 billion , covering about 30 % of the $ 8.9 billion
of such loans outstanding
</text>
<arg n="0">the bank 's</arg>
<rel>position</rel>
<arg n="1">
that it is comfortable with the current level of $ 2.6 billion ,
covering about 30 % of the $ 8.9 billion of such loans
outstanding</arg>
</example>

</roleset>
<roleset id="position.04" name="share">
<roles>

<role descr="owner" n="0"></role>

<role descr="quantified" n="1"></role>

<role descr="value" n="2"></role>

</roles>

<example name="autogen1">
<text>
to have a big position in
</text>
<arg n="0">NIL</arg>
<arg n="Support">have</arg>
<arg f="MNR" n="2">big</arg>
<rel>position</rel>
<arg n="1">in</arg>
</example>

<example name="autogen2">
<text>
increasing his cash position to 45 % of his portfolio
</text>
<arg n="0">his</arg>
<rel>position</rel>
<arg n="2">to 45 % of his portfolio</arg>
</example>

</roleset>
</predicate>
</frameset>
