<!DOCTYPE frameset SYSTEM "frameset.dtd">
<frameset>
<predicate lemma="positioning">
<roleset id="positioning.01" name="put in a particular location, or describe" source="verb-position.01" vncls="9.1">
<roles>

<role descr="agent, putter" n="0">
<vnrole vncls="9.1" vntheta="Agent"/></role>

<role descr="thing positioned, often rec" n="1">
<vnrole vncls="9.1" vntheta="Theme"/></role>

<role descr="location or position, or attribute of arg1" n="2">
<vnrole vncls="9.1" vntheta="Destination"/></role>

</roles>

<example name="autogen1">
<text>
its positioning and pricing for its new Infiniti line
</text>
<arg n="0">its</arg>
<rel>positioning</rel>
<arg n="1">for its new Infiniti line</arg>
</example>

<example name="autogen2">
<text>
defensive positioning in a volatile market
</text>
<arg f="MNR" n="M">defensive</arg>
<rel>positioning</rel>
<arg f="LOC" n="M">in a volatile market</arg>
</example>

</roleset>
</predicate>
</frameset>
