<!DOCTYPE frameset SYSTEM "frameset.dtd">
<frameset>
<predicate lemma="posting">
<roleset id="posting.01" name="cf report" source="verb-post.01" vncls="11.1">
<roles>

<role descr="poster" n="0">
<vnrole vncls="11.1" vntheta="Agent"/></role>

<role descr="posted" n="1">
<vnrole vncls="11.1" vntheta="Theme"/></role>

<role descr="posted-to" n="2">
<vnrole vncls="11.1" vntheta="Destination"/></role>

</roles>

<example name="autogen1">
<text>
Student job postings at Boston University
</text>
<arg n="1">Student job</arg>
<rel>postings</rel>
<arg f="LOC" n="M">at Boston University</arg>
</example>

</roleset>
</predicate>
</frameset>
