<!DOCTYPE frameset SYSTEM "frameset.dtd">
<frameset>
<predicate lemma="predecessor">
<roleset id="predecessor.01" name="go before" source="verb-precede.01" vncls="47.8">
<roles>

<role descr="thing preceding" n="0">
<vnrole vncls="47.8" vntheta="Theme1"/></role>

<role descr="thing preceded" n="1">
<vnrole vncls="47.8" vntheta="Theme2"/></role>

<role descr="causal agent" n="A"></role>

</roles>

<example name="autogen1">
<text>
his rigid predecessor
</text>
<arg n="1">his</arg>
<arg n="0">predecessor</arg>
<rel>predecessor</rel>
</example>

<example name="autogen2">
<text>
his deposed predecessor
</text>
<arg n="1">his</arg>
<arg n="0">predecessor</arg>
<rel>predecessor</rel>
</example>

</roleset>
</predicate>
</frameset>
