<!DOCTYPE frameset SYSTEM "frameset.dtd">
<frameset>
<predicate lemma="premiere">
<roleset id="premiere.01" name="give/have first performance" source="verb-premiere.01">
<roles>

<role descr="causal agent" n="0"></role>

<role descr="thing premiering" n="1"></role>

</roles>

<example name="autogen1">
<text>
The premiere of `` Showdown , '' with Mr. Downey and Richard G.
Carter , a columnist with the New York Daily News ,
</text>
<rel>premiere</rel>
<arg n="1">
of `` Showdown , '' with Mr. Downey and Richard G. Carter , a
columnist with the New York Daily News ,</arg>
</example>

<example name="autogen3">
<text>
the premiere issue
</text>
<rel>premiere</rel>
<arg n="1">issue</arg>
</example>

</roleset>
</predicate>
</frameset>
