<!DOCTYPE frameset SYSTEM "frameset.dtd">
<frameset>
<predicate lemma="pretext">
<roleset id="pretext.01" name="nomlike" source="verb-justify.01">
<roles>

<role descr="justifier" n="0"></role>

<role descr="theme" n="1"></role>

<role descr="instrument/reason" n="2"></role>

</roles>

<example name="autogen1">
<text>
the government would use its two conditions as a pretext for
avoiding full EMS membership
</text>
<arg n="0">the government</arg>
<arg n="Support">use as</arg>
<arg n="2">its two conditions</arg>
<rel>pretext</rel>
<arg n="1">for avoiding full EMS membership</arg>
</example>

<example name="autogen2">
<text>
some breathtaking attempts by Congress to rewrite the
Constitution under the pretext of protecting the public 's money
</text>
<arg n="Support">attempts under</arg>
<arg n="0">by Congress</arg>
<arg n="1">to rewrite the Constitution</arg>
<rel>pretext</rel>
<arg n="2">of protecting the public 's money</arg>
</example>

</roleset>
</predicate>
</frameset>
