<!DOCTYPE frameset SYSTEM "frameset.dtd">
<frameset>
<predicate lemma="programming">
<roleset id="programming.01" name="to design a program" source="verb-program.01">
<roles>

<role descr="programmer, agent" n="0"></role>

<role descr="entity  programmed" n="1"></role>

<role descr="attribute" n="2"></role>

</roles>

<example name="autogen1">
<text>
computer programming and software services
</text>
<arg n="1">computer</arg>
<rel>programming</rel>
</example>

<example name="autogen2">
<text>
computer programming
</text>
<arg n="1">computer</arg>
<rel>programming</rel>
</example>

</roleset>
<roleset id="programming.02" name="to transmit or announce" source="verb-broadcast.01">
<roles>

<role descr="transmitter, agent" n="0"></role>

<role descr="message" n="1"></role>

<role descr="audience" n="2"></role>

<role descr="source" n="3"></role>

<role descr="medium" n="4"></role>

</roles>

<example name="autogen1">
<text>
the Educator 's Channel , which will offer instructional
programming for teachers and school administrators and will be
supported by advertising
</text>
<arg n="0">the Educator 's ---> which ---> *T*-2</arg>
<arg n="Support">offer</arg>
<arg n="1">instructional</arg>
<rel>programming</rel>
<arg n="2">for teachers and school administrators</arg>
</example>

<example name="autogen2">
<text>
its public relations , TV programming and other businesses
</text>
<arg n="0">its</arg>
<arg n="4">TV</arg>
<rel>programming</rel>
</example>

</roleset>
</predicate>
</frameset>
