<!DOCTYPE frameset SYSTEM "frameset.dtd">
<frameset>
<predicate lemma="property">
<roleset id="property.01" name="have, own" source="verb-possess.01">
<roles>

<role descr="possessor" n="0"></role>

<role descr="possession" n="1"></role>

</roles>

<example name="autogen1">
<text>
its first media property
</text>
<arg n="0">its</arg>
<arg n="1">media</arg>
<rel>property</rel>
</example>

<example name="autogen2">
<text>
entertainment properties
</text>
<arg n="1">entertainment</arg>
<rel>properties</rel>
</example>

</roleset>
<roleset id="property.02" name="attribute">
<roles>

<role descr="theme" n="1"></role>

<role descr="value" n="2"></role>

<role descr="secondary-theme" n="3"></role>

</roles>

<example name="autogen1">
<text>
asbestos having any questionable properties
</text>
<arg n="1">asbestos</arg>
<arg n="Support">having</arg>
<rel>properties</rel>
</example>

<example name="autogen2">
<text>
the exclusive property of modern comedies
</text>
<rel>property</rel>
<arg n="1">of modern comedies</arg>
</example>

</roleset>
</predicate>
</frameset>
