<!DOCTYPE frameset SYSTEM "frameset.dtd">
<frameset>
<predicate lemma="prosecutor">
<roleset id="prosecutor.01" name="try a case, offensively" source="verb-prosecute.01">
<roles>

<role descr="prosecutor" n="0"></role>

<role descr="case, or defendant of that case" n="1"></role>

<role descr="law justifying case" n="2"></role>

</roles>

<example name="autogen1">
<text>
the use by prosecutors of criminal racketeering charges against
white-collar defendants
</text>
<arg n="Support">use by</arg>
<arg n="0">prosecutors</arg>
<rel>prosecutors</rel>
<arg n="2">of criminal racketeering charges</arg>
<arg n="1">against white-collar defendants</arg>
</example>

<example name="autogen2">
<text>
the prosecutor in the case , who is also president of Greenville
High School 's alumni association
</text>
<arg n="0">prosecutor</arg>
<rel>prosecutor</rel>
<arg n="1">in the case</arg>
</example>

</roleset>
</predicate>
</frameset>
