<!DOCTYPE frameset SYSTEM "frameset.dtd">
<frameset>
<predicate lemma="protector">
<roleset id="protector.01" name="shield from danger" source="verb-protect.01">
<roles>

<role descr="protector" n="0"></role>

<role descr="protected" n="1"></role>

<role descr="danger" n="2"></role>

<role descr="instrument" n="3"></role>

</roles>

<example name="autogen1">
<text>
computer power-surge protectors
</text>
<arg n="1">computer</arg>
<arg n="2">power-surge</arg>
<arg n="0">protectors</arg>
<rel>protectors</rel>
</example>

<example name="autogen2">
<text>
a protector of civil rights
</text>
<arg n="0">protector</arg>
<rel>protector</rel>
<arg n="1">of civil rights</arg>
</example>

</roleset>
</predicate>
</frameset>
