<!DOCTYPE frameset SYSTEM "frameset.dtd">
<frameset>
<predicate lemma="provocation">
<roleset id="provocation.01" name="cause (us. emotional reaction" source="verb-provoke.01">
<roles>

<role descr="causer" n="0"></role>

<role descr="reaction" n="1"></role>

<role descr="hearer" n="2"></role>

</roles>

<example name="autogen1">
<text>
The latest provocation
</text>
<arg f="TMP" n="M">latest</arg>
<arg f="REF" n="0">provocation</arg>
<rel>provocation</rel>
</example>

</roleset>
</predicate>
</frameset>
