<!DOCTYPE frameset SYSTEM "frameset.dtd">
<frameset>
<predicate lemma="pulse">
<roleset id="pulse.01" name="attribute">
<roles>

<role descr="theme" n="1"></role>

<role descr="value" n="2"></role>

<role descr="secondary-theme" n="3"></role>

</roles>

<example name="autogen1">
<text>
the pulse of the hottest trends in the music business
</text>
<arg f="REF" n="2">pulse</arg>
<rel>pulse</rel>
<arg n="1">of the hottest trends in the music business</arg>
</example>

</roleset>
</predicate>
</frameset>
