<!DOCTYPE frameset SYSTEM "frameset.dtd">
<frameset>
<predicate lemma="quantity">
<roleset id="quantity.01" name="attribute">
<roles>

<role descr="theme" n="1"></role>

<role descr="value" n="2"></role>

<role descr="secondary-theme" n="3"></role>

</roles>

<example name="autogen1">
<text>
vast quantities of our defense budget
</text>
<arg n="2">vast</arg>
<rel>quantities</rel>
<arg n="1">of our defense budget</arg>
</example>

<example name="autogen2">
<text>
large quantities of antibodies
</text>
<arg n="2">large</arg>
<rel>quantities</rel>
<arg n="1">of antibodies</arg>
</example>

</roleset>
</predicate>
</frameset>
