<!DOCTYPE frameset SYSTEM "frameset.dtd">
<frameset>
<predicate lemma="rapport">
<roleset id="rapport.01" name="job/intrans-recip">
<roles>

<role descr="job holder" n="0"></role>

<role descr="job title" n="1"></role>

<role descr="beneficiary" n="2"></role>

</roles>

<example name="autogen1">
<text>
Mr. Baum , a seasoned marketer who is said to have a good rapport
with Campbell employees ,
</text>
<arg n="0">Mr. Baum ---> a seasoned marketer ---> *T*-29 ---> *-1</arg>
<arg n="Support">have</arg>
<rel>rapport</rel>
<arg n="2">with Campbell employees</arg>
</example>

<example name="autogen2">
<text>
true rapport
</text>
<arg f="ADV" n="M">true</arg>
<rel>rapport</rel>
</example>

</roleset>
</predicate>
</frameset>
