<!DOCTYPE frameset SYSTEM "frameset.dtd">
<frameset>
<predicate lemma="rash">
<roleset id="rash.01" name="partitive-quant">
<roles>

<role descr="quantified" n="1"></role>

<role descr="secondary-theme" n="3"></role>

</roles>

<example name="autogen1">
<text>
a rash of critics who apparently wish to know details of one side
only
</text>
<rel>rash</rel>
<arg n="1">of critics who apparently wish to know details of one side only</arg>
</example>

<example name="autogen2">
<text>
A rash of one-time charges
</text>
<rel>rash</rel>
<arg n="1">of one-time charges</arg>
</example>

</roleset>
</predicate>
</frameset>
