<!DOCTYPE frameset SYSTEM "frameset.dtd">
<frameset>
<predicate lemma="redefinition">
<roleset id="redefinition.01" name="assign a label or attribute again" source="verb-redefine.01">
<roles>

<role descr="describer" n="0"></role>

<role descr="thing redefined" n="1"></role>

<role descr="secondary attribute, described-as, definition" n="2"></role>

</roles>

<example name="autogen1">
<text>
the proposed Soviet redefinition
</text>
<arg n="0">Soviet</arg>
<rel>redefinition</rel>
</example>

<example name="autogen2">
<text>
interpretation and redefinition of the criminal law
</text>
<rel>redefinition</rel>
<arg n="1">of the criminal law</arg>
</example>

</roleset>
</predicate>
</frameset>
