<!DOCTYPE frameset SYSTEM "frameset.dtd">
<frameset>
<predicate lemma="refurbishment">
<roleset id="refurbishment.01" name="update structure" source="verb-refurbish.01">
<roles>

<role descr="refurbisher" n="0"></role>

<role descr="thing refurbished" n="1"></role>

</roles>

<example name="autogen1">
<text>
refurbishment and production of Quotron 1000 equipment used in
delivering financial data
</text>
<rel>refurbishment</rel>
<arg n="1">of Quotron 1000 equipment used in delivering financial data</arg>
</example>

<example name="autogen2">
<text>
the refurbishment of the three DC-8-62 aircraft , made by
McDonnell Douglas Corp. ,
</text>
<rel>refurbishment</rel>
<arg n="1">of the three DC-8-62 aircraft , made by McDonnell Douglas Corp. ,</arg>
</example>

</roleset>
</predicate>
</frameset>
