<!DOCTYPE frameset SYSTEM "frameset.dtd">
<frameset>
<predicate lemma="regard">
<roleset id="regard.01" name="assign a label or attribute" source="verb-regard.01" vncls="29.2">
<roles>

<role descr="describer" n="0">
<vnrole vncls="29.2" vntheta="Agent"/></role>

<role descr="thing described" n="1">
<vnrole vncls="29.2" vntheta="Theme"/></role>

<role descr="secondary attribute, described-as" n="2">
<vnrole vncls="29.2" vntheta="Predicate"/></role>

</roles>

<example name="autogen1">
<text>
my regard for our terrestrial heritage
</text>
<arg n="0">my</arg>
<rel>regard</rel>
<arg n="1">for our terrestrial heritage</arg>
</example>

<example name="autogen2">
<text>
regard to Greece 's long-bubbling bank-looting scandal
</text>
<rel>regard</rel>
<arg n="1">to Greece 's long-bubbling bank-looting scandal</arg>
</example>

</roleset>
<roleset id="regard.02" name="issue">
<roles>

<role descr="topic" n="1"></role>

</roles>

<example name="autogen1">
<text>
regard to its offer for 50.3 % of LIN Broadcasting Corp
</text>
<rel>regard</rel>
<arg n="1">to its offer for 50.3 % of LIN Broadcasting Corp</arg>
</example>

<example name="autogen2">
<text>
regard to its bid to control LIN Broadcasting
</text>
<rel>regard</rel>
<arg n="1">to its bid to control LIN Broadcasting</arg>
</example>

</roleset>
</predicate>
</frameset>
