<!DOCTYPE frameset SYSTEM "frameset.dtd">
<frameset>
<predicate lemma="regularity">
<roleset id="regularity.01" name="attribute/nomadj-regular">
<roles>

<role descr="experiencer" n="0"></role>

<role descr="theme" n="1"></role>

<role descr="value" n="2"></role>

<role descr="secondary-theme" n="3"></role>

</roles>

<example name="autogen1">
<text>
American regularity
</text>
<arg n="0">American</arg>
<arg f="REF" n="2">regularity</arg>
<rel>regularity</rel>
</example>

</roleset>
</predicate>
</frameset>
