<!DOCTYPE frameset SYSTEM "frameset.dtd">
<frameset>
<predicate lemma="reinsurance">
<roleset id="reinsurance.01" name="act like an insurance agency" source="verb-insure.02">
<roles>

<role descr="agent" n="0"></role>

<role descr="theme" n="1"></role>

<role descr="value" n="2"></role>

<role descr="beneficiary" n="3"></role>

<role descr="danger" n="4"></role>

</roles>

<example name="autogen1">
<text>
Insurers , such as Cigna Corp. , Transamerica Corp , and Aetna
Life &amp; Casualty Co. , buy reinsurance from other U.S.-based
companies and Lloyd 's of London for one catastrophe at a time .
</text>
<arg n="3">
Insurers , such as Cigna Corp. , Transamerica Corp , and Aetna
Life &amp; Casualty Co. ,</arg>
<arg n="Support">buy</arg>
<rel>reinsurance</rel>
<arg n="0">from other U.S.-based companies and Lloyd 's of London</arg>
<arg n="4">for one catastrophe at a time</arg>
</example>

<example name="autogen2">
<text>
a Houston property and casualty reinsurance company
</text>
<arg n="4">casualty</arg>
<rel>reinsurance</rel>
<arg n="0">company</arg>
</example>

</roleset>
</predicate>
</frameset>
