<!DOCTYPE frameset SYSTEM "frameset.dtd">
<frameset>
<predicate lemma="revenue">
<roleset id="revenue.01" name="wages" source="verb-earn.01" vncls="13.5.1">
<roles>

<role descr="earner" n="0">
<vnrole vncls="13.5.1" vntheta="Agent"/></role>

<role descr="wages" n="1">
<vnrole vncls="13.5.1" vntheta="Theme"/></role>

<role descr="beneficiary" n="2">
<vnrole vncls="13.5.1" vntheta="Beneficiary"/></role>

<role descr="source" n="3">
<vnrole vncls="13.5.1" vntheta="Source"/></role>

</roles>

<example name="autogen1">
<text>
Lotus had upgrade revenue of about $ 22 million in the quarter ,
twice what he had expected
</text>
<arg n="0">Lotus</arg>
<arg n="Support">had</arg>
<arg n="3">upgrade</arg>
<rel>revenue</rel>
<arg n="1">of about $ 22 million</arg>
</example>

<example name="autogen2">
<text>
any U.S. carrier with revenues of $ 1 billion or more
</text>
<arg n="0">any U.S. carrier</arg>
<rel>revenues</rel>
<arg n="1">of $ 1 billion or more</arg>
</example>

</roleset>
</predicate>
</frameset>
