<!DOCTYPE frameset SYSTEM "frameset.dtd">
<frameset>
<predicate lemma="round">
<roleset id="round.01" name="partitive-quant">
<roles>

<role descr="quantified" n="1"></role>

<role descr="secondary-theme" n="3"></role>

</roles>

<example name="autogen1">
<text>
the mid-June round of voting
</text>
<rel>round</rel>
<arg n="1">of voting</arg>
</example>

<example name="autogen2">
<text>
a new round of talks with the country 's leftist rebels
</text>
<rel>round</rel>
<arg n="1">of talks with the country 's leftist rebels</arg>
</example>

</roleset>
</predicate>
</frameset>
