<!DOCTYPE frameset SYSTEM "frameset.dtd">
<frameset>
<predicate lemma="saga">
<roleset id="saga.01" name="work-of-art">
<roles>

<role descr="agent" n="0"></role>

<role descr="theme" n="1"></role>

</roles>

<example name="autogen1">
<text>
a California crime saga
</text>
<arg f="LOC" n="M">California</arg>
<arg n="1">crime</arg>
<rel>saga</rel>
</example>

<example name="autogen2">
<text>
the saga of the unguided missile who is chairman
</text>
<rel>saga</rel>
<arg n="1">of the unguided missile who is chairman</arg>
</example>

</roleset>
</predicate>
</frameset>
