<!DOCTYPE frameset SYSTEM "frameset.dtd">
<frameset>
<predicate lemma="script">
<roleset id="script.01" name="work-of-art">
<roles>

<role descr="agent" n="0"></role>

<role descr="theme" n="1"></role>

</roles>

<example name="autogen1">
<text>
Voice of America scripts
</text>
<arg n="1">Voice of America</arg>
<rel>scripts</rel>
</example>

<example name="autogen2">
<text>
Shakespeare 's script
</text>
<arg n="0">Shakespeare 's</arg>
<rel>script</rel>
</example>

</roleset>
</predicate>
</frameset>
