<!DOCTYPE frameset SYSTEM "frameset.dtd">
<frameset>
<predicate lemma="seeker">
<roleset id="seeker.01" name="look for" source="verb-seek.01" vncls="35.6">
<roles>

<role descr="agent / entity seeking" n="0">
<vnrole vncls="35.6" vntheta="Agent"/></role>

<role descr="thing sought, attempted action" n="1">
<vnrole vncls="35.6" vntheta="Theme"/></role>

<role descr="sought-from" n="2">
<vnrole vncls="35.6" vntheta="Location"/></role>

</roles>

<example name="autogen1">
<text>
job seekers
</text>
<arg n="1">job</arg>
<arg n="0">seekers</arg>
<rel>seekers</rel>
</example>

</roleset>
</predicate>
</frameset>
