<!DOCTYPE frameset SYSTEM "frameset.dtd">
<frameset>
<predicate lemma="shareholder">
<roleset id="shareholder.01" name="attribute/nom" source="verb-participate.01">
<roles>

<role descr="agent, entity participating" n="0"></role>

<role descr="participating in what" n="1"></role>

<role descr="value" n="2"></role>

</roles>

<example name="autogen1">
<text>
majority shareholder in Sports &amp; Recreation , a 10-year-old
sporting goods retailer ,
</text>
<arg n="2">majority</arg>
<arg n="0">shareholder</arg>
<rel>shareholder</rel>
<arg n="1">in Sports &amp; Recreation , a 10-year-old sporting goods retailer ,</arg>
</example>

<example name="autogen2">
<text>
other major shareholders
</text>
<arg n="2">major</arg>
<arg n="0">shareholders</arg>
<rel>shareholders</rel>
</example>

</roleset>
</predicate>
</frameset>
