<!DOCTYPE frameset SYSTEM "frameset.dtd">
<frameset>
<predicate lemma="shortage">
<roleset id="shortage.01" name="attribute/nomadj-short">
<roles>

<role descr="experiencer" n="0"></role>

<role descr="theme" n="1"></role>

<role descr="value" n="2"></role>

</roles>

<example name="autogen1">
<text>
an urban food shortage
</text>
<arg n="0">urban</arg>
<arg n="1">food</arg>
<arg f="REF" n="2">shortage</arg>
<rel>shortage</rel>
</example>

<example name="autogen2">
<text>
a severe shortage of programs
</text>
<arg n="2">severe</arg>
<rel>shortage</rel>
<arg n="1">of programs</arg>
</example>

</roleset>
</predicate>
</frameset>
