<!DOCTYPE frameset SYSTEM "frameset.dtd">
<frameset>
<predicate lemma="showcase">
<roleset id="showcase.01" name="to present, exhibit" source="verb-display.01">
<roles>

<role descr="displayer, agent" n="0"></role>

<role descr="entity displayed" n="1"></role>

<role descr="location" n="2"></role>

</roles>

<example name="autogen1">
<text>
a showcase for the region
</text>
<rel>showcase</rel>
<arg n="0">for the region</arg>
</example>

<example name="autogen2">
<text>
the prime showcase for a country whose world dominance in the
industry is increasingly acknowledged
</text>
<rel>showcase</rel>
<arg n="0">
for a country whose world dominance in the industry is
increasingly acknowledged</arg>
</example>

</roleset>
</predicate>
</frameset>
