<!DOCTYPE frameset SYSTEM "frameset.dtd">
<frameset>
<predicate lemma="slice">
<roleset id="slice.01" name="partitive-quant/share">
<roles>

<role descr="owner" n="0"></role>

<role descr="quantified" n="1"></role>

<role descr="value" n="2"></role>

<role descr="secondary-theme" n="3"></role>

</roles>

<example name="autogen1">
<text>
senior managers get too big a slice of the profit pie
</text>
<arg n="0">senior managers</arg>
<arg n="Support">get</arg>
<arg n="2">too big</arg>
<rel>slice</rel>
<arg n="1">of the profit pie</arg>
</example>

<example name="autogen2">
<text>
a large slice of the first episode
</text>
<arg n="2">large</arg>
<rel>slice</rel>
<arg n="1">of the first episode</arg>
</example>

</roleset>
</predicate>
</frameset>
