<!DOCTYPE frameset SYSTEM "frameset.dtd">
<frameset>
<predicate lemma="slump">
<roleset id="slump.01" name="decline" source="verb-slump.01" vncls="47.6">
<roles>

<role descr="is an agent possible" n="0">
<vnrole vncls="47.6" vntheta="Agent"/></role>

<role descr="thing slumping" n="1">
<vnrole vncls="47.6" vntheta="Theme"/></role>

<role descr="ext" n="2"></role>

<role descr="start point" n="3"></role>

<role descr="end point" n="4"></role>

</roles>

<example name="autogen1">
<text>
a broad industry slump
</text>
<arg n="1">industry</arg>
<rel>slump</rel>
</example>

<example name="autogen2">
<text>
a real-estate slump
</text>
<arg n="1">real-estate</arg>
<rel>slump</rel>
</example>

</roleset>
</predicate>
</frameset>
