<!DOCTYPE frameset SYSTEM "frameset.dtd">
<frameset>
<predicate lemma="soul">
<roleset id="soul.01" name="meronym/partitive-part">
<roles>

<role descr="whole" n="1"></role>

</roles>

<example name="autogen1">
<text>
the souls of all our children
</text>
<rel>souls</rel>
<arg n="1">of all our children</arg>
</example>

<example name="autogen2">
<text>
the soul of Ronald Reagan and his disciples
</text>
<rel>soul</rel>
<arg n="1">of Ronald Reagan and his disciples</arg>
</example>

</roleset>
</predicate>
</frameset>
