<!DOCTYPE frameset SYSTEM "frameset.dtd">
<frameset>
<predicate lemma="spasm">
<roleset id="spasm.01" name="transform" source="change.01">
<roles>

<role descr="thing changing" n="1"></role>

</roles>

<example name="autogen1">
<text>
Its spasms
</text>
<arg n="1">Its</arg>
<rel>spasms</rel>
</example>

</roleset>
<roleset id="spasm.02" name="occur, take place" source="occur.01" vncls="48.3">
<roles>

<role descr="event" n="1">
<vnrole vncls="48.3" vntheta="Theme"/></role>

</roles>

<example name="autogen1">
<text>
wild spasms of volatility
</text>
<rel>spasms</rel>
<arg n="1">of volatility</arg>
</example>

</roleset>
</predicate>
</frameset>
