<!DOCTYPE frameset SYSTEM "frameset.dtd">
<frameset>
<predicate lemma="special">
<roleset id="special.01" name="reduce in price" source="verb-discount.01">
<roles>

<role descr="discounter" n="0"></role>

<role descr="commodity" n="1"></role>

<role descr="value" n="2"></role>

<role descr="start point" n="3"></role>

<role descr="end point" n="4"></role>

</roles>

<example name="autogen1">
<text>
99-cent specials on sandwiches normally priced twice as high
</text>
<arg n="2">99-cent</arg>
<rel>specials</rel>
<arg n="1">on sandwiches normally priced twice as high</arg>
</example>

<example name="autogen2">
<text>
a one-hour special on the earthquake at 10 p.m. last night
</text>
<arg f="TMP" n="M">one-hour</arg>
<rel>special</rel>
<arg n="1">on the earthquake</arg>
<arg f="TMP" n="M">at 10 p.m. last night</arg>
</example>

</roleset>
<roleset id="special.02" name="work-of-art" source="verb-broadcast.01">
<roles>

<role descr="agent" n="0"></role>

<role descr="theme" n="1"></role>

<role descr="audience" n="2"></role>

<role descr="source" n="3"></role>

</roles>

<example name="autogen1">
<text>
news specials
</text>
<arg n="1">news</arg>
<rel>specials</rel>
</example>

<example name="autogen2">
<text>
new TV specials for CBS
</text>
<arg f="TMP" n="M">new</arg>
<arg f="LOC" n="M">TV</arg>
<rel>specials</rel>
<arg n="0">for CBS</arg>
</example>

</roleset>
</predicate>
</frameset>
