<!DOCTYPE frameset SYSTEM "frameset.dtd">
<frameset>
<predicate lemma="spring">
<roleset id="spring.01" name="environment/meronym">
<roles>

<role descr="whole" n="1"></role>

<role descr="value" n="2"></role>

<role descr="secondary-theme" n="3"></role>

</roles>

<example name="autogen1">
<text>
the spring of 1967
</text>
<rel>spring</rel>
<arg n="2">of 1967</arg>
</example>

<example name="autogen2">
<text>
spring 1990
</text>
<rel>spring</rel>
<arg n="1">1990</arg>
</example>

</roleset>
</predicate>
</frameset>
