<!DOCTYPE frameset SYSTEM "frameset.dtd">
<frameset>
<predicate lemma="spurt">
<roleset id="spurt.01" name="sudden motion of liquid-like substance" source="verb-spurt.01" vncls="9.5">
<roles>

<role descr="liquid" n="1">
<vnrole vncls="9.5" vntheta="Theme"/></role>

<role descr="source" n="2">
<vnrole vncls="9.5" vntheta="Location"/></role>

</roles>

<example name="autogen1">
<text>
the sudden spurts
</text>
<arg f="MNR" n="M">sudden</arg>
<rel>spurts</rel>
</example>

</roleset>
<roleset id="spurt.02" name="move (upward) suddenly" source="verb-spurt.02">
<roles>

<role descr="thing in motion" n="1"></role>

<role descr="ext" n="2"></role>

<role descr="start point" n="3"></role>

<role descr="end point" n="4"></role>

</roles>

<example name="autogen1">
<text>
any spurt in growth issues
</text>
<rel>spurt</rel>
<arg n="1">in growth issues</arg>
</example>

<example name="autogen3">
<text>
a spurt of orders for new 1990 models
</text>
<rel>spurt</rel>
<arg n="1">of orders for new 1990 models</arg>
</example>

</roleset>
</predicate>
</frameset>
