<!DOCTYPE frameset SYSTEM "frameset.dtd">
<frameset>
<predicate lemma="start">
<roleset id="start.01" name="begin" source="verb-start.01" vncls="55.1">
<roles>

<role descr="agent" n="0">
<vnrole vncls="55.1" vntheta="Agent"/></role>

<role descr="theme(-creation" n="1">
<vnrole vncls="55.1" vntheta="Theme"/></role>

<role descr="instrument" n="2"></role>

</roles>

<example name="autogen1">
<text>
the start of a less ambitious game
</text>
<rel>start</rel>
<arg n="1">of a less ambitious game</arg>
</example>

<example name="autogen2">
<text>
his start in the movie business
</text>
<arg n="0">his</arg>
<rel>start</rel>
<arg f="LOC" n="M">in the movie business</arg>
</example>

</roleset>
<roleset id="start.02" name="attribute/housing-starts">
<roles>

<role descr="theme" n="1"></role>

<role descr="value" n="2"></role>

<role descr="secondary-theme" n="3"></role>

</roles>

<example name="autogen1">
<text>
Private housing starts in Japan were unchanged in September from
a year earlier at 144,610 units
</text>
<arg n="1">Private housing</arg>
<rel>starts</rel>
<arg n="3">in Japan</arg>
<arg n="2">unchanged</arg>
</example>

<example name="autogen2">
<text>
weaker housing starts
</text>
<arg n="2">weaker</arg>
<arg n="1">housing</arg>
<rel>starts</rel>
</example>

</roleset>
</predicate>
</frameset>
