<!DOCTYPE frameset SYSTEM "frameset.dtd">
<frameset>
<predicate lemma="statement">
<roleset id="statement.01" name="state, say" source="verb-state.01" vncls="37.7">
<roles>

<role descr="announcer" n="0">
<vnrole vncls="37.7" vntheta="Agent"/></role>

<role descr="utterance" n="1">
<vnrole vncls="37.7" vntheta="Topic"/></role>

<role descr="hearer" n="2">
<vnrole vncls="37.7" vntheta="Recipient"/></role>

<role descr="attributive" n="3"></role>

</roles>

<example name="autogen1">
<text>
China 's far-from-conciliatory statements to its own people
</text>
<arg n="0">China 's</arg>
<arg n="1">far-from-conciliatory</arg>
<rel>statements</rel>
<arg n="2">to its own people</arg>
</example>

<example name="autogen2">
<text>
a registration statement filed with the Securities and Exchange
Commission
</text>
<arg n="1">registration</arg>
<rel>statement</rel>
<arg n="Support">filed</arg>
<arg n="2">with the Securities and Exchange Commission</arg>
</example>

</roleset>
</predicate>
</frameset>
