<!DOCTYPE frameset SYSTEM "frameset.dtd">
<frameset>
<predicate lemma="surveillance">
<roleset id="surveillance.01" name="nomlike" source="verb-watch.01" vncls="30.2">
<roles>

<role descr="observer" n="0">
<vnrole vncls="30.2" vntheta="Experiencer"/></role>

<role descr="theme" n="1">
<vnrole vncls="30.2" vntheta="Stimulus"/></role>

</roles>

<example name="autogen1">
<text>
police surveillance
</text>
<arg n="0">police</arg>
<rel>surveillance</rel>
</example>

<example name="autogen2">
<text>
U.S. military aircraft have the right to use for surveillance of
the Gulf of Aden and the Indian Ocean
</text>
<arg n="0">U.S. military aircraft ---> *-2</arg>
<arg n="Support">use for</arg>
<rel>surveillance</rel>
<arg n="1">of the Gulf of Aden and the Indian Ocean</arg>
</example>

</roleset>
</predicate>
</frameset>
