<!DOCTYPE frameset SYSTEM "frameset.dtd">
<frameset>
<predicate lemma="swarm">
<roleset id="swarm.01" name="partitive-quant">
<roles>

<role descr="quantified" n="1"></role>

<role descr="secondary-theme" n="3"></role>

</roles>

<example name="autogen1">
<text>
Duck swarms .
</text>
<arg n="1">Duck</arg>
<rel>swarms</rel>
</example>

<example name="autogen2">
<text>
a swarm of promising start-ups
</text>
<rel>swarm</rel>
<arg n="1">of promising start-ups</arg>
</example>

</roleset>
</predicate>
</frameset>
