<!DOCTYPE frameset SYSTEM "frameset.dtd">
<frameset>
<predicate lemma="swoon">
<roleset id="swoon.01" name="move" source="verb-sway.01" vncls="47.3">
<roles>

<role descr="causer" n="0">
<vnrole vncls="47.3" vntheta="Agent"/></role>

<role descr="thing swaying" n="1">
<vnrole vncls="47.3" vntheta="Theme"/></role>

<role descr="degree of motion" n="2"></role>

</roles>

<example name="autogen1">
<text>
The stock market 's swoon
</text>
<arg n="1">The stock market 's</arg>
<rel>swoon</rel>
</example>

<example name="autogen2">
<text>
the market swoon
</text>
<arg n="1">market</arg>
<rel>swoon</rel>
</example>

</roleset>
</predicate>
</frameset>
