<!DOCTYPE frameset SYSTEM "frameset.dtd">
<frameset>
<predicate lemma="task">
<roleset id="task.01" name="ability-with-agent">
<roles>

<role descr="agent" n="0"></role>

<role descr="action" n="1"></role>

</roles>

<example name="autogen1">
<text>
the buy-out group 's task of holding its fragile coalition
together , in the face of the bid 's collapse and internal
opposition from two other employee groups ,
</text>
<arg n="0">the buy-out group 's</arg>
<rel>task</rel>
<arg f="PRD" n="1">
of holding its fragile coalition together , in the face of the
bid 's collapse and internal opposition from two other employee
groups ,</arg>
</example>

<example name="autogen2">
<text>
the task of improving market performance
</text>
<rel>task</rel>
<arg f="PRD" n="1">of improving market performance</arg>
</example>

</roleset>
</predicate>
</frameset>
