<!DOCTYPE frameset SYSTEM "frameset.dtd">
<frameset>
<predicate lemma="teaching">
<roleset id="teaching.01" name="try to) make learn" source="verb-teach.01" vncls="37.1-1">
<roles>

<role descr="teacher" n="0">
<vnrole vncls="37.1-1" vntheta="Agent"/></role>

<role descr="subject" n="1">
<vnrole vncls="37.1-1" vntheta="Topic"/></role>

<role descr="student(s" n="2">
<vnrole vncls="37.1-1" vntheta="Recipient"/></role>

</roles>

<example name="autogen1">
<text>
the forefathers ' teaching
</text>
<arg n="0">the forefathers '</arg>
<rel>teaching</rel>
</example>

<example name="autogen2">
<text>
the teaching of evolution
</text>
<rel>teaching</rel>
<arg n="1">of evolution</arg>
</example>

</roleset>
</predicate>
</frameset>
