<!DOCTYPE frameset SYSTEM "frameset.dtd">
<frameset>
<predicate lemma="technologist">
<roleset id="technologist.01" name="actrel">
<roles>

<role descr="job holder" n="0"></role>

<role descr="theme" n="1"></role>

<role descr="beneficiary" n="2"></role>

<role descr="rank" n="3"></role>

</roles>

<example name="autogen1">
<text>
a `` registered care technologist
</text>
<arg n="1">registered care</arg>
<arg n="0">technologist</arg>
<rel>technologist</rel>
</example>

</roleset>
</predicate>
</frameset>
