<!DOCTYPE frameset SYSTEM "frameset.dtd">
<frameset>
<predicate lemma="teller">
<roleset id="teller.01" name="actrel">
<roles>

<role descr="job holder" n="0"></role>

<role descr="theme" n="1"></role>

<role descr="beneficiary" n="2"></role>

<role descr="rank" n="3"></role>

</roles>

<example name="autogen1">
<text>
our tellers , and customer service and loan representatives
</text>
<arg n="2">our</arg>
<arg n="0">tellers</arg>
<rel>tellers</rel>
</example>

</roleset>
</predicate>
</frameset>
