<!DOCTYPE frameset SYSTEM "frameset.dtd">
<frameset>
<predicate lemma="tie-up">
<roleset id="tie-up.01" name="be involved in" source="verb-tie.05">
<roles>

<role descr="thing involved" n="1"></role>

<role descr="thing involved in/with" n="2"></role>

</roles>

<example name="autogen1">
<text>
GM 's planned tie-up with the British luxury car maker
</text>
<arg n="1">GM 's</arg>
<rel>tie-up</rel>
<arg n="2">with the British luxury car maker</arg>
</example>

<example name="autogen2">
<text>
Reluctant to advance further on their own , some stores have
settled for tie-ups with famous specialty shops .
</text>
<arg n="1">some stores</arg>
<arg n="Support">settled for</arg>
<rel>tie-ups</rel>
<arg n="2">with famous specialty shops</arg>
</example>

</roleset>
</predicate>
</frameset>
