<!DOCTYPE frameset SYSTEM "frameset.dtd">
<frameset>
<predicate lemma="ton">
<roleset id="ton.01" name="partitive-quant">
<roles>

<role descr="quantified" n="1"></role>

<role descr="secondary-theme" n="3"></role>

</roles>

<example name="autogen1">
<text>
about 585,000 tons of steel rods
</text>
<rel>tons</rel>
<arg n="1">of steel rods</arg>
</example>

<example name="autogen2">
<text>
tons of goods
</text>
<rel>tons</rel>
<arg n="1">of goods</arg>
</example>

</roleset>
</predicate>
</frameset>
