<!DOCTYPE frameset SYSTEM "frameset.dtd">
<frameset>
<predicate lemma="turmoil">
<roleset id="turmoil.01" name="nomadj-tumultuous">
<roles>

<role descr="experiencer" n="0"></role>

<role descr="theme" n="1"></role>

</roles>

<example name="autogen1">
<text>
political turmoil in China
</text>
<arg n="1">political</arg>
<rel>turmoil</rel>
<arg n="0">in China</arg>
</example>

<example name="autogen2">
<text>
turmoil in the market for low-grade , high-yield securities
</text>
<rel>turmoil</rel>
<arg n="1">in the market for low-grade , high-yield securities</arg>
</example>

</roleset>
</predicate>
</frameset>
