<!DOCTYPE frameset SYSTEM "frameset.dtd">
<frameset>
<predicate lemma="turnabout">
<roleset id="turnabout.01" name="turn around, change direction" source="verb-reverse.01">
<roles>

<role descr="causer of reverse" n="0"></role>

<role descr="thing turning around" n="1"></role>

</roles>

<example name="autogen1">
<text>
In a startling turnabout , Members of the Senate Intelligence
Committee are complaining that someone in the executive branch is
leaking on them .
</text>
<rel>turnabout</rel>
<arg n="0">Members of the Senate Intelligence Committee</arg>
</example>

<example name="autogen2">
<text>
a turnabout from a nation of champion reverse engineers
</text>
<rel>turnabout</rel>
<arg n="0">from a nation of champion reverse engineers</arg>
</example>

</roleset>
</predicate>
</frameset>
