<!DOCTYPE frameset SYSTEM "frameset.dtd">
<frameset>
<predicate lemma="vanity">
<roleset id="vanity.01" name="attribute/nomadj-vain">
<roles>

<role descr="theme" n="1"></role>

<role descr="value" n="2"></role>

<role descr="secondary-theme" n="3"></role>

</roles>

<example name="autogen1">
<text>
sees falseness and vanity in everyone except himself
</text>
<arg n="Support">sees</arg>
<arg f="REF" n="2">vanity</arg>
<rel>vanity</rel>
<arg n="1">in everyone except himself</arg>
</example>

</roleset>
</predicate>
</frameset>
