<!DOCTYPE frameset SYSTEM "frameset.dtd">
<frameset>
<predicate lemma="version">
<roleset id="version.01" name="version">
<roles>

<role descr="agent" n="0"></role>

<role descr="theme" n="1"></role>

</roles>

<example name="autogen1">
<text>
its version of Macrodantin
</text>
<arg n="0">its</arg>
<rel>version</rel>
<arg n="1">of Macrodantin</arg>
</example>

<example name="autogen2">
<text>
a Yank-oriented version of it
</text>
<rel>version</rel>
<arg n="1">of it</arg>
</example>

</roleset>
</predicate>
</frameset>
