<!DOCTYPE frameset SYSTEM "frameset.dtd">
<frameset>
<predicate lemma="view">
<roleset id="view.01" name="watch" source="verb-view.01" vncls="30.2">
<roles>

<role descr="viewer" n="0">
<vnrole vncls="30.2" vntheta="Experiencer"/></role>

<role descr="thing viewed" n="1">
<vnrole vncls="30.2" vntheta="Stimulus"/></role>

</roles>

<example name="autogen1">
<text>
bird's-eye view of the world
</text>
<arg n="0">bird's-eye</arg>
<rel>view</rel>
<arg n="1">of the world</arg>
</example>

<example name="autogen2">
<text>
its striking views of the New York harbor
</text>
<rel>views</rel>
<arg n="1">of the New York harbor</arg>
</example>

</roleset>
<roleset id="view.02" name="assign an attribute to" source="verb-view.02" vncls="29.2">
<roles>

<role descr="assigner" n="0">
<vnrole vncls="29.2" vntheta="Agent"/></role>

<role descr="thing labelled" n="1">
<vnrole vncls="29.2" vntheta="Theme"/></role>

<role descr="attribute" n="2">
<vnrole vncls="29.2" vntheta="Predicate"/></role>

</roles>

<example name="autogen1">
<text>
`` And as a leading investment and merchant banking firm , the
fact that we are no longer subject to the uncertainties and
vicissitudes of the retail business is a major plus in our view .
</text>
<arg n="1">
the fact that we are no longer subject to the uncertainties and
vicissitudes of the retail business</arg>
<arg n="2">a major plus</arg>
<arg n="0">our</arg>
<rel>view</rel>
</example>

<example name="autogen2">
<text>
view of Greece 's eight-year misadventure under autocratic
pseudosocialism and subsequent three-month hitch with a
conservative-communist coalition government
</text>
<rel>view</rel>
<arg n="1">
of Greece 's eight-year misadventure under autocratic
pseudosocialism and subsequent three-month hitch with a
conservative-communist coalition government</arg>
</example>

</roleset>
<roleset id="view.03" name="thought, opinion" source="verb-think.01" vncls="29.4">
<roles>

<role descr="thinker" n="0">
<vnrole vncls="29.4" vntheta="Agent"/></role>

<role descr="thought" n="1">
<vnrole vncls="29.4" vntheta="Theme"/></role>

<role descr="attributive" n="2">
<vnrole vncls="29.4" vntheta="Predicate"/></role>

</roles>

<example name="autogen1">
<text>
some bankers ' views that the deal may require a lot of arm
twisting by the U.S. Treasury in order to succeed
</text>
<arg n="0">some bankers '</arg>
<rel>views</rel>
<arg n="1">
that the deal may require a lot of arm twisting by the U.S.
Treasury in order to succeed</arg>
</example>

<example name="autogen2">
<text>
the view that the improvement in the U.S. trade deficit has
essentially stalled out at a level of about a $ 110 billion
annual rate
</text>
<rel>view</rel>
<arg n="1">
that the improvement in the U.S. trade deficit has essentially
stalled out at a level of about a $ 110 billion annual rate</arg>
</example>

</roleset>
<roleset id="view.04" name="aim, plan" source="verb-aim.01">
<roles>

<role descr="aimer" n="0"></role>

<role descr="action" n="1"></role>

</roles>

<example name="autogen1">
<text>
The Canadian government , with a view to becoming more
politically active in Latin America , is expected to announce
tomorrow its application to join the Organization of American
States , a Washington-based regional agency .
</text>
<arg n="0">The Canadian government</arg>
<rel>view</rel>
<arg n="1">to becoming more politically active in Latin America</arg>
</example>

<example name="autogen2">
<text>
a view towards a possible change in control of the company
</text>
<rel>view</rel>
<arg n="1">towards a possible change in control of the company</arg>
</example>

</roleset>
</predicate>
</frameset>
