<!DOCTYPE frameset SYSTEM "frameset.dtd">
<frameset>
<predicate lemma="walk">
<roleset id="walk.01" name="walk" source="verb-walk.01" vncls="51.3.2">
<roles>

<role descr="walker" n="0">
<vnrole vncls="51.3.2" vntheta="Theme"/></role>

<role descr="path" n="1">
<vnrole vncls="51.3.2" vntheta="Location"/></role>

<role descr="causative agent" n="A"></role>

</roles>

<example name="autogen1">
<text>
the few blocks ' walk between Grand Central Terminal and the
Waldorf Astoria Hotel in midtown Manhattan
</text>
<arg n="1">the few blocks '</arg>
<rel>walk</rel>
<arg f="LOC" n="M">between Grand Central Terminal and the Waldorf Astoria Hotel</arg>
</example>

</roleset>
<roleset id="walk.02" name="baseball" source="verb-walk.02">
<roles>

<role descr="pitcher" n="0"></role>

<role descr="batter" n="1"></role>

</roles>

<example name="autogen1">
<text>
He smoked Toronto in the playoffs with six hits , seven walks and
eight stolen bases in 22 at bats , and continued that by going
3-for-3 at the plate Sunday , along with walking , stealing a
base and scoring a run .
</text>
<arg n="0">He</arg>
<arg n="Support">smoked with</arg>
<rel>walks</rel>
</example>

</roleset>
</predicate>
</frameset>
