<!DOCTYPE frameset SYSTEM "frameset.dtd">
<frameset>
<predicate lemma="war">
<roleset id="war.01" name="to carry on warfare" source="verb-war.01" vncls="36.1">
<roles>

<role descr="warmonger, agent" n="0">
<vnrole vncls="36.1" vntheta="Actor1"/></role>

<role descr="war against/over" n="1">
<vnrole vncls="36.1" vntheta="Topic"/></role>

</roles>

<example name="autogen1">
<text>
Washington 's rhetorical war against Wall Street regarding
excessive financial leveraging
</text>
<arg n="0">Washington 's</arg>
<rel>war</rel>
<arg n="1">against Wall Street</arg>
</example>

<example name="autogen2">
<text>
the war against drugs
</text>
<rel>war</rel>
<arg n="1">against drugs</arg>
</example>

</roleset>
</predicate>
</frameset>
