<!DOCTYPE frameset SYSTEM "frameset.dtd">
<frameset>
<predicate lemma="ware">
<roleset id="ware.01" name="commerce: seller" source="verb-sell.01" vncls="13.1-1">
<roles>

<role descr="seller" n="0">
<vnrole vncls="13.1-1" vntheta="Agent"/></role>

<role descr="thing sold" n="1">
<vnrole vncls="13.1-1" vntheta="Theme"/></role>

<role descr="buyer" n="2">
<vnrole vncls="13.1-1" vntheta="Recipient"/></role>

<role descr="price paid" n="3"></role>

<role descr="beneficiary" n="4"></role>

</roles>

<example name="autogen1">
<text>
their wares
</text>
<arg n="0">their</arg>
<arg n="1">wares</arg>
<rel>wares</rel>
</example>

</roleset>
</predicate>
</frameset>
