<!DOCTYPE frameset SYSTEM "frameset.dtd">
<frameset>
<predicate lemma="wish">
<roleset id="wish.01" name="wish" source="verb-wish.01" vncls="32.2">
<roles>

<role descr="wisher" n="0">
<vnrole vncls="32.2" vntheta="Experiencer"/></role>

<role descr="thing wished for" n="1">
<vnrole vncls="32.2" vntheta="Theme"/></role>

<role descr="beneficiary" n="2"></role>

</roles>

<example name="autogen1">
<text>
the BPCA 's wishes to continue the popular two-mile riverside
Esplanade , prized for its expansive views of New York Harbor ,
the Statue of Liberty and Ellis Island
</text>
<arg n="0">the BPCA 's</arg>
<rel>wishes</rel>
<arg f="PRD" n="1">
to continue the popular two-mile riverside Esplanade , prized for
its expansive views of New York Harbor , the Statue of Liberty
and Ellis Island</arg>
</example>

<example name="autogen2">
<text>
the wishes of his mother -LRB- Rita Karin -RRB- and her brother
Michael -LRB- Brandon Maggart -RRB-
</text>
<rel>wishes</rel>
<arg n="0">
of his mother -LRB- Rita Karin -RRB- and her brother Michael
-LRB- Brandon Maggart -RRB-</arg>
</example>

</roleset>
</predicate>
</frameset>
