<!DOCTYPE frameset SYSTEM "frameset.dtd">
<frameset>
<predicate lemma="wreckage">
<roleset id="wreckage.01" name="destroy" source="verb-wreck.01">
<roles>

<role descr="destroyer" n="0"></role>

<role descr="thing destroyed" n="1"></role>

<role descr="instrument of destruction" n="2"></role>

</roles>

<example name="autogen1">
<text>
the wreckage to buildings
</text>
<rel>wreckage</rel>
<arg n="1">to buildings</arg>
</example>

<example name="autogen2">
<text>
the wreckage of a missing commuter plane with 20 people aboard
</text>
<rel>wreckage</rel>
<arg n="1">of a missing commuter plane with 20 people aboard</arg>
</example>

</roleset>
</predicate>
</frameset>
