rank,src_id,norm1,min_vector_similarity,neighbor_vector_similarity,neighbor_similarity_diff
0,2,0.06845759,1000000000,0.06845759,0
1,3,0.063370556,0.0673559,0.0673559,-0.005087033
2,4,0.05088802,0.015247545,0.015247545,-0.012482535
3,5,0.11467563,0.06655047,0.07414115,0.06378761
4,6,0.10823822,0.014714333,0.014714333,-0.0064374134
5,7,0.061804365,0.029890923,0.056340188,-0.046433855
6,8,0.04559749,0.02761009,0.047087885,-0.016206875
7,9,0.07392912,0.026348623,0.046732936,0.028331634
8,10,0.12262057,0.05663046,0.056997705,0.048691444
9,11,0.14275283,0.030691873,0.030691873,0.020132259
10,12,0.11632123,0.027229141,0.0641037,-0.026431598
11,13,0.09111769,0.029336559,0.04395259,-0.02520354
12,14,0.120330684,0.01710453,0.03767813,0.029212996
13,15,0.14582708,0.02754673,0.042184073,0.0254964
14,16,0.15693049,0.022076286,0.022076286,0.011103407
15,17,0.10814065,0.10702705,0.16545877,-0.048789844
rank,src_id,norm1,min_vector_similarity,neighbor_vector_similarity,neighbor_similarity_diff
0,2,0.1679333,1000000000,0.1679333,0
rank,src_id,norm1,min_vector_similarity,neighbor_vector_similarity,neighbor_similarity_diff
0,2,0.050192505,1000000000,0.050192505,0
1,3,0.03208916,0.03626449,0.03626449,-0.018103346
rank,src_id,norm1,min_vector_similarity,neighbor_vector_similarity,neighbor_similarity_diff
0,2,0.018509142,1000000000,0.018509142,0
1,3,0.022945229,0.029932706,0.029932706,0.004436087
2,4,0.090664916,0.09679747,0.09679747,0.06771968
3,5,0.017604,0.012480115,0.09991093,-0.073060915
4,6,0.017882185,0.013029931,0.01731484,0.0002781842
5,7,0.017622555,0.008464823,0.008464823,-0.00025963038
6,8,0.08654771,0.058466848,0.09104409,0.06892516
7,9,0.2220191,0.21868467,0.21944794,0.1354714
8,10,0.25972226,0.12400723,0.12400723,0.037703156
rank,src_id,norm1,min_vector_similarity,neighbor_vector_similarity,neighbor_similarity_diff
0,2,0.018106833,1000000000,0.018106833,0
1,3,0.07069792,0.06838473,0.06838473,0.052591085
2,4,0.076608464,0.016343568,0.016343568,0.0059105456
3,5,0.012650553,0.02216402,0.077965915,-0.063957915
4,6,0.076471746,0.077665105,0.077665105,0.0638212
5,7,0.026860181,0.011774957,0.0791836,-0.049611565
6,8,0.04123935,0.025683852,0.025683852,0.01437917
7,9,0.041370984,0.006842618,0.006842618,0.00013163313
8,10,0.047921997,0.024625648,0.02844035,0.0065510124
9,11,0.022177804,0.005750187,0.03613188,-0.025744192
10,12,0.033836197,0.0349242,0.043012634,0.011658393
11,13,0.05068121,0.014874294,0.06671235,0.016845014
12,14,0.10002684,0.061825674,0.08392427,0.049345627
13,15,0.07536119,0.034558315,0.034558315,-0.024665646
14,16,0.061729066,0.020553038,0.065037295,-0.013632126
15,17,0.088833034,0.03806912,0.059988745,0.027103968
16,18,0.088833034,0.0,0.0,0.0
17,19,0.10237321,0.020081082,0.020081082,0.013540179
18,20,0.09077648,0.016929328,0.025852378,-0.011596732
19,21,0.10945002,0.015666349,0.027391346,0.01867354
20,22,0.052899256,0.022180123,0.09808329,-0.056550764
21,23,0.07288069,0.022834288,0.052802432,0.019981436
22,24,0.07805888,0.013866148,0.013866148,0.005178191
23,25,0.07805888,0.0,0.0,0.0
24,26,0.07910821,0.0049368665,0.0049368665,0.0010493249
25,27,0.07905294,0.006891612,0.006891612,-5.5268407e-05
26,28,0.08249379,0.007160247,0.007160247,0.0034408495
27,29,0.0547187,0.017805876,0.060773958,-0.02777509
28,30,0.0526022,0.005187376,0.005187376,-0.0021164976
29,31,0.050317083,0.0057088425,0.0057088425,-0.0022851191
30,32,0.06984076,0.034740806,0.037562463,0.019523676
31,33,0.05427022,0.012942063,0.02741612,-0.01557054
32,34,0.051822852,0.009012846,0.009012846,-0.0024473667
33,35,0.095463395,0.038604125,0.0663933,0.043640543
34,36,0.056022305,0.012059241,0.058296148,-0.03944109
35,37,0.055825166,0.0038953715,0.0038953715,-0.00019713864
36,38,0.069128685,0.018348133,0.031610142,0.013303518
37,39,0.061275315,0.012546483,0.019074403,-0.00785337
38,40,0.058910687,0.008577339,0.008577339,-0.002364628
39,41,0.09982199,0.0068824557,0.05468288,0.040911306
40,42,0.054751102,0.0045263637,0.066155165,-0.04507089
41,43,0.068463236,0.0041880966,0.031732734,0.013712134
42,44,0.060268737,0.004612393,0.019423936,-0.008194499
43,45,0.05786993,0.0046566855,0.008541001,-0.0023988076
44,46,0.098764256,0.0036366293,0.05477218,0.040894326
45,47,0.06646211,0.0036801316,0.04154115,-0.03230215
46,48,0.058117174,0.004368424,0.020264065,-0.008344933
47,49,0.055695564,0.004316769,0.008552954,-0.00242161
48,50,0.09739105,0.0035971277,0.05592181,0.041695483
49,51,0.078366995,0.015719643,0.03710201,-0.019024052
50,52,0.07643637,0.008151336,0.008151336,-0.0019306242
51,53,0.106145784,0.00994633,0.039935753,0.029709414
52,54,0.06377478,0.008896891,0.051078297,-0.042371005
53,55,0.09979446,0.0044876845,0.046655163,0.036019683
54,56,0.09975712,0.00190806,0.00190806,-3.734231e-05
55,57,0.06404631,0.0066181067,0.052496802,-0.03571081
56,58,0.07587749,0.009400832,0.02519908,0.011831179
57,59,0.06982714,0.01081974,0.016264273,-0.0060503483
58,60,0.06761691,0.008275946,0.008275946,-0.0022102296
59,61,0.10225336,0.0036785565,0.044574868,0.034636453
60,62,0.075068,0.0011818977,0.03516377,-0.027185366
61,63,0.068940036,0.0012958784,0.016474092,-0.006127961
62,64,0.06671638,0.0013165561,0.008277591,-0.0022236556
63,65,0.10162396,0.00095536583,0.04517871,0.03490758
64,66,0.081074886,0.011608234,0.030794743,-0.020549074
65,67,0.07908134,0.005967564,0.008129026,-0.0019935444
66,68,0.10541179,0.004365174,0.03394041,0.026330449
67,69,0.073004566,0.006087539,0.04037841,-0.032407224
68,70,0.10325081,0.0028124053,0.03862365,0.030246243
69,71,0.10320598,0.001211331,0.001211331,-4.4830143e-05
70,72,0.074132346,0.0041415873,0.038252313,-0.029073633
71,73,0.06783163,0.0043692403,0.016580485,-0.0063007176
72,74,0.065574855,0.0043791183,0.008276537,-0.0022567734
73,75,0.10060405,0.0034998623,0.045447715,0.035029195
74,76,0.08011857,0.004075868,0.03116192,-0.020485483
75,77,0.07810883,0.004091145,0.008126553,-0.0020097345
76,78,0.10461235,0.0036677439,0.03453312,0.026503518
77,79,0.0718637,0.0044981656,0.041047774,-0.032748647
78,80,0.102241606,0.0028691418,0.03906209,0.030377902
79,81,0.10223072,0.0011735259,0.0011735259,-1.0885298e-05
80,82,0.07825721,0.003819981,0.03347925,-0.02397351
81,83,0.07619342,0.0038369503,0.00813783,-0.0020637885
82,84,0.10351176,0.0029498169,0.035069473,0.027318336
83,85,0.06981701,0.004431926,0.042163286,-0.03369475
84,86,0.101106495,0.003415332,0.039966077,0.031289488
85,87,0.10104009,0.0011313949,0.0011313949,-6.6407025e-05
86,88,0.08774796,0.011154289,0.030539352,-0.013292126
87,89,0.108307205,0.0048804567,0.03024386,0.020559244
88,90,0.10840946,0.0011844682,0.0011844682,0.00010225177
89,91,0.10292259,0.003186944,0.015087616,-0.0054868683
90,92,0.08110978,0.0068406994,0.030754099,-0.021812811
91,93,0.0756007,0.008715065,0.015140758,-0.0055090785
92,94,0.07371881,0.006129442,0.0081132995,-0.00188189
93,95,0.10415001,0.0030381202,0.03769072,0.030431204
94,96,0.08611011,0.007534305,0.02679322,-0.018039905
95,97,0.08447097,0.0062092547,0.0080246115,-0.0016391352
96,98,0.107167326,0.0033529573,0.028874746,0.022696353
97,99,0.079251125,0.0057740044,0.0343298,-0.0279162
98,100,0.10563254,0.0021875463,0.032724388,0.026381418
99,101,0.10559402,0.0005786098,0.0005786098,-3.8526952e-05
100,102,0.08531867,0.0010314862,0.028743811,-0.020275347
101,103,0.08364822,0.0010637866,0.008029312,-0.00167045
102,104,0.10666142,0.00091160194,0.029247018,0.023013197
103,105,0.078358,0.0011541637,0.034885995,-0.028303415
104,106,0.10505145,0.00092916,0.033171944,0.026693448
105,107,0.10502092,0.00054387597,0.00054387597,-3.053248e-05
106,108,0.088937856,0.0061814184,0.024255669,-0.016083062
107,109,0.10798253,0.0017196161,0.026066402,0.019044675
108,110,0.1079551,0.0006111046,0.0006111046,-2.7433038e-05
109,111,0.10616619,0.0018027315,0.002873989,-0.0017889068
110,112,0.084231585,0.003987548,0.031531706,-0.021934606
111,113,0.082545795,0.0039941934,0.008029797,-0.0016857907
112,114,0.105783604,0.0031899773,0.02993533,0.02323781
113,115,0.0772424,0.004250931,0.03542344,-0.028541207
114,116,0.1040615,0.0024326409,0.033645686,0.026819102
115,117,0.10403469,0.00055790925,0.00055790925,-2.6807189e-05
116,118,0.087963715,0.0039749937,0.024707794,-0.016070977
117,119,0.1073143,0.0022268037,0.026812667,0.019350588
118,120,0.10723506,0.00063278555,0.00063278555,-7.9244375e-05
119,121,0.105189286,0.002044951,0.0031454598,-0.002045773
120,122,0.086379,0.003777422,0.026254717,-0.018810287
121,123,0.10641703,0.0032203381,0.027208311,0.020038031
122,124,0.10631725,0.00062976824,0.00062976824,-9.9778175e-05
123,125,0.10438109,0.002954052,0.0029736625,-0.00193616
124,126,0.11045982,0.003730401,0.013001829,0.0060787275
125,127,0.019329721,0.015760567,0.11510828,-0.0911301
126,128,0.016321609,0.0052995197,0.0052995197,-0.0030081123
127,129,0.0048887865,0.012656833,0.016702881,-0.011432823
128,130,0.055391632,0.015894108,0.05732024,0.050502844
129,131,0.07738438,0.012833764,0.05495729,0.02199275
rank,src_id,norm1,min_vector_similarity,neighbor_vector_similarity,neighbor_similarity_diff
0,2,0.029311985,1000000000,0.029311985,0
1,3,0.1376749,0.14986412,0.14986412,0.10836291
2,4,0.08694178,0.058891878,0.058891878,-0.05073312
3,5,0.137258,0.029090215,0.06657611,0.050316215
4,6,0.018046651,0.03484412,0.13976906,-0.119211346
5,7,0.03261219,0.0468974,0.0468974,0.014565539
6,8,0.09474182,0.09668792,0.09668792,0.06212963
7,9,0.08336974,0.04521309,0.04521309,-0.011372082
8,10,0.09137959,0.035262648,0.035262648,0.008009851
9,11,0.19506916,0.08098984,0.18056484,0.10368957
rank,src_id,norm1,min_vector_similarity,neighbor_vector_similarity,neighbor_similarity_diff
0,2,0.025413925,1000000000,0.025413925,0
1,3,0.019109666,0.018860552,0.018860552,-0.0063042585
2,4,0.013614038,0.026298162,0.026298162,-0.0054956283
3,5,0.0075333174,0.010757334,0.010757334,-0.0060807206
4,6,0.024329646,0.0144508835,0.024492951,0.016796328
5,7,0.015736839,0.010908806,0.022921078,-0.008592807
6,8,0.012225244,0.009267038,0.012633069,-0.0035115946
7,9,0.09295421,0.089350656,0.09558801,0.08072896
8,10,0.023835635,0.024548322,0.10211535,-0.069118574
9,11,0.031293668,0.01721499,0.01721499,0.007458033
10,12,0.02479235,0.0095301755,0.030950943,-0.006501317
11,13,0.008260407,0.0061288164,0.01936406,-0.016531944
12,14,0.11739528,0.066322796,0.11894555,0.109134875
13,15,0.116088875,0.012330658,0.012330658,-0.0013064072
14,16,0.025717007,0.008501811,0.12289979,-0.09037187
15,17,0.01677783,0.007697187,0.009860264,-0.008939177
16,18,0.013517328,0.0060652858,0.008241143,-0.0032605026
17,19,0.028297357,0.012163656,0.023533678,0.01478003
18,20,0.116327524,0.01105495,0.12309832,0.08803017
19,21,0.11349805,0.013091805,0.019044999,-0.0028294772
20,22,0.11392951,0.0121836215,0.01993836,0.00043146312
21,23,0.09517855,0.061030433,0.067918375,-0.018750958
22,24,0.11068297,0.02588171,0.02588171,0.01550442
23,25,0.13487884,0.04214021,0.04214021,0.024195872
24,26,0.13487884,0.0,0.0,0.0
25,27,0.150573,0.023851098,0.023851098,0.015694156
26,28,0.15222852,0.0095174005,0.0095174005,0.001655519
27,29,0.16299614,0.021983117,0.02271967,0.010767624
28,30,0.023225175,0.007917747,0.16859186,-0.13977097
29,31,0.009103077,0.0057181013,0.018145088,-0.014122098
30,32,0.01366969,0.0036267205,0.01295828,0.0045666127
31,33,0.011634117,0.0050539207,0.0071271807,-0.0020355731
32,34,0.13882458,0.020849561,0.14054903,0.12719047
33,35,0.13842608,0.007888031,0.007888031,-0.00039850175
34,36,0.02975578,0.021545397,0.13759471,-0.1086703
35,37,0.016574187,0.0074231755,0.043740824,-0.013181593
36,38,0.017690107,0.009792521,0.01415796,0.00111592
37,39,0.10101129,0.06469534,0.100924715,0.083321184
38,40,0.02185782,0.010216836,0.10534249,-0.07915347
39,41,0.05274887,0.052716233,0.055324472,0.03089105
40,42,0.05708615,0.017918244,0.017918244,0.004337281
41,43,0.15755507,0.0830543,0.14568983,0.10046892
rank,src_id,norm1,min_vector_similarity,neighbor_vector_similarity,neighbor_similarity_diff
0,2,0.022956563,1000000000,0.022956563,0
1,3,0.009072719,0.026573004,0.026573004,-0.013883844
2,4,0.027942963,0.029994117,0.029994117,0.018870244
3,5,0.027046913,0.004384459,0.004384459,-0.00089604966
4,6,0.076664396,0.065377384,0.0692524,0.049617484
5,7,0.03454535,0.036079694,0.07987285,-0.042119045
6,8,0.024968147,0.02735903,0.042403616,-0.009577204
7,9,0.026428021,0.01181844,0.03633596,0.0014598742
8,10,0.057845302,0.054125838,0.06353827,0.03141728
9,11,0.09072062,0.029813988,0.109203674,0.032875314
10,12,0.09457092,0.02526625,0.02526625,0.0038503036
11,13,0.08475819,0.024108171,0.04239706,-0.009812728
12,14,0.025981693,0.028312193,0.07850156,-0.058776498
13,15,0.024590014,0.003575841,0.003575841,-0.001391679
14,16,0.041110307,0.028432846,0.029801859,0.016520293
15,17,0.036908243,0.025453055,0.037865896,-0.004202064
16,18,0.03602911,0.0040266574,0.0040266574,-0.00087913126
17,19,0.05030343,0.027552148,0.0305643,0.014274318
18,20,0.041110307,0.0,0.027552148,-0.009193122
19,21,0.05994599,0.024293214,0.024293214,0.018835682
20,22,0.053903185,0.010136503,0.010136503,-0.0060428046
21,23,0.05030343,0.0,0.030975057,-0.0035997555
22,24,0.068076484,0.024541033,0.024541033,0.017773055
23,25,0.061586615,0.010697153,0.010697153,-0.006489869
24,26,0.06872143,0.010359166,0.03480896,0.007134814
25,27,0.07579763,0.009311061,0.031235842,0.007076204
26,28,0.07762522,0.017581534,0.042292017,0.0018275902
27,29,0.055928484,0.03098225,0.033862162,-0.021696739
28,30,0.048496157,0.008215432,0.008215432,-0.0074323267
29,31,0.07437855,0.020867469,0.027466048,0.025882393
30,32,0.08667426,0.026587315,0.041012164,0.012295708
31,33,0.09250598,0.026209336,0.03264707,0.0058317184
32,34,0.025387691,0.011157873,0.08568931,-0.06711829
33,35,0.022524295,0.00880202,0.00880202,-0.002863396
34,36,0.045997612,0.024838248,0.029209226,0.023473317
35,37,0.053721678,0.04056928,0.04156138,0.0077240653
36,38,0.0266547,0.010303178,0.04802143,-0.027066978
37,39,0.058204737,0.007908799,0.052072722,0.031550035
38,40,0.095218554,0.037523374,0.06564502,0.037013818
rank,src_id,norm1,min_vector_similarity,neighbor_vector_similarity,neighbor_similarity_diff
0,2,0.022218158,1000000000,0.022218158,0
1,3,0.058717817,0.057086665,0.057086665,0.036499657
2,4,0.024566466,0.030416781,0.060459364,-0.034151353
3,5,0.06977571,0.041292913,0.073085815,0.045209244
4,6,0.07436645,0.02375707,0.02375707,0.0045907423
5,7,0.072357446,0.024868336,0.046443295,-0.0020090044
6,8,0.03168826,0.030659461,0.08138175,-0.040669184
7,9,0.03669526,0.030992547,0.05017916,0.005006999
8,10,0.06137979,0.017763577,0.03264172,0.02468453
9,11,0.033875268,0.028140213,0.05003073,-0.027504522
10,12,0.06961008,0.010061964,0.049736276,0.035734814
11,13,0.057321973,0.02826179,0.04164417,-0.0122881085
12,14,0.030268585,0.022536049,0.05614184,-0.027053388
13,15,0.039144997,0.018757207,0.018757207,0.008876411
14,16,0.04847086,0.01826092,0.01826092,0.009325862
15,17,0.024580289,0.0107019525,0.042649068,-0.02389057
16,18,0.04724238,0.018987387,0.042741872,0.022662092
17,19,0.03659352,0.011928938,0.011928938,-0.0106488615
18,20,0.06501482,0.020550365,0.030445857,0.028421298
19,21,0.040967375,0.022994863,0.07133346,-0.024047442
20,22,0.07498162,0.019111754,0.08518616,0.034014247
21,23,0.02373389,0.009171619,0.06515674,-0.05124773
22,24,0.020117806,0.01001192,0.0124414945,-0.0036160834
23,25,0.038734734,0.018145977,0.023086363,0.018616928
24,26,0.009147806,0.023966514,0.041187122,-0.029586928
25,27,0.03635473,0.02357556,0.038059242,0.027206926
26,28,0.036513437,0.0021948032,0.0021948032,0.00015870482
27,29,0.05460427,0.05090065,0.06484061,0.018090833
28,30,0.035900127,0.011166429,0.052847818,-0.018704142
29,31,0.035724867,0.015469771,0.015469771,-0.00017526001
30,32,0.057749722,0.023321403,0.027643804,0.022024855
rank,src_id,norm1,min_vector_similarity,neighbor_vector_similarity,neighbor_similarity_diff
0,2,0.058301494,1000000000,0.058301494,0
1,3,0.0532197,0.017300585,0.017300585,-0.005081795
2,4,0.018219905,0.0527141,0.053203374,-0.034999795
3,5,0.04956204,0.055353466,0.055353466,0.031342134
4,6,0.056452483,0.06128734,0.0689144,0.006890442
5,7,0.07437167,0.044860765,0.084984966,0.01791919
6,8,0.07574153,0.04698381,0.0733919,0.0013698563
7,9,0.07729815,0.05214997,0.06773294,0.00155662
8,10,0.09307209,0.04289766,0.04289766,0.015773937
9,11,0.03382993,0.028221386,0.0819796,-0.059242155
10,12,0.0495156,0.018092452,0.032006327,0.01568567
11,13,0.059616078,0.05919879,0.076460585,0.010100476
12,14,0.064495355,0.019732974,0.08165115,0.004879277
13,15,0.08115467,0.04924298,0.07279923,0.016659312
14,16,0.07858981,0.048658863,0.07162769,-0.002564855
15,17,0.08966847,0.046116978,0.046116978,0.011078656
16,18,0.020413173,0.015845075,0.08195894,-0.06925529
17,19,0.18065417,0.15401204,0.17837924,0.160241
18,20,0.057477202,0.018078145,0.15658253,-0.12317696
19,21,0.18407798,0.038511172,0.1516068,0.12660077
20,22,0.024716422,0.017571565,0.18070291,-0.15936156
21,23,0.18167332,0.015311232,0.17717724,0.1569569
22,24,0.18058412,0.011447265,0.018947687,-0.0010892004
23,25,0.061502337,0.017344633,0.15511376,-0.11908178
24,26,0.18547599,0.014823327,0.14999968,0.12397365
25,27,0.18397905,0.011046315,0.01899835,-0.0014969409
26,28,0.18156314,0.010492819,0.03879262,-0.0024159104
27,29,0.18535309,0.011187862,0.03793136,0.0037899464
28,30,0.028314346,0.008380619,0.18102223,-0.15703873
29,31,0.062068313,0.010824826,0.052795667,0.03375397
30,32,0.03063796,0.011493282,0.052872468,-0.031430352
31,33,0.054389294,0.01951065,0.057408907,0.023751333
32,34,0.06427242,0.026682738,0.036943994,0.009883124
33,35,0.18140925,0.0061623957,0.181993,0.117136836
34,36,0.18699645,0.052919503,0.052919503,0.0055871904
35,37,0.06520255,0.010670164,0.15869768,-0.121793896
36,38,0.07757492,0.01902183,0.054342773,0.012372375
37,39,0.083289266,0.02450402,0.034377508,0.005714342
38,40,0.18489198,0.0061596017,0.15630804,0.10160272
39,41,0.18961543,0.03654489,0.05121575,0.0047234446
40,42,0.06090224,0.01927826,0.17450726,-0.12871319
41,43,0.1823797,0.006393863,0.18004932,0.121477455
42,44,0.1868215,0.01679411,0.05080846,0.0044418126
43,45,0.18759966,0.007963764,0.019443756,0.00077815354
44,46,0.08213433,0.019223081,0.14875205,-0.10546533
45,47,0.18623276,0.006238012,0.15379123,0.10409843
46,48,0.18990472,0.016407944,0.04890517,0.003671959
47,49,0.18994877,0.008328928,0.019397419,4.4047832e-05
48,50,0.18739656,0.008053403,0.03664933,-0.0025522113
49,51,0.018664805,0.009757871,0.1883826,-0.16873175
50,52,0.09017313,0.06573253,0.09806882,0.071508326
51,53,0.09171177,0.026682833,0.026682833,0.0015386343
52,54,0.006793148,0.017071104,0.09166774,-0.08491862
53,55,0.034246426,0.010195674,0.037467465,0.027453277
54,56,0.050150223,0.017574536,0.017574536,0.015903797
55,57,0.04517183,0.019449953,0.023400772,-0.0049783923
56,58,0.033125207,0.0065418687,0.024288042,-0.012046624
57,59,0.07061232,0.02599159,0.059196685,0.037487112
58,60,0.062371258,0.008938863,0.024080653,-0.008241061
59,61,0.053028464,0.013164926,0.058720164,-0.009342793
60,62,0.07357073,0.012934247,0.051559385,0.020542264
61,63,0.03567561,0.006167991,0.053161662,-0.037895117
62,64,0.064613,0.01105012,0.05206095,0.028937388
63,65,0.09738949,0.06501942,0.10405744,0.03277649
64,66,0.17195515,0.05680574,0.15940626,0.074565664
65,67,0.03516615,0.0072570033,0.17511283,-0.136789
66,68,0.09524224,0.039485995,0.08772895,0.060076088
67,69,0.17450055,0.041237094,0.15769424,0.079258315
68,70,0.10238431,0.010953783,0.16857651,-0.07211625
69,71,0.17297034,0.01605639,0.15710041,0.07058603
70,72,0.1811236,0.047325317,0.047325317,0.00815326
71,73,0.09996596,0.010744861,0.15020089,-0.08115764
72,74,0.17482805,0.016431183,0.15502216,0.07486209
73,75,0.18001486,0.028946446,0.048909217,0.005186811
74,76,0.18356566,0.010871616,0.031885903,0.0035507977
75,77,0.18225065,0.010567437,0.029031202,-0.0013150126
76,78,0.01419462,0.010492951,0.17977111,-0.16805603
77,79,0.02615426,0.0067794137,0.01416715,0.011959639
78,80,0.09886598,0.076839015,0.095663644,0.07271172
79,81,0.056736223,0.05019511,0.119080424,-0.042129755
80,82,0.1284905,0.03576775,0.14360236,0.07175427
81,83,0.13126642,0.008916573,0.008916573,0.0027759224
82,84,0.12465335,0.035630908,0.0417198,-0.0066130683
83,85,0.12734081,0.008853544,0.008853544,0.0026874617
84,86,0.13019355,0.0074155154,0.04087217,0.002852738
85,87,0.13256387,0.0068595754,0.008170479,0.0023703277
86,88,0.13126642,0.0,0.0068595754,-0.001297459
87,89,0.13320038,0.004665444,0.004665444,0.0019339621
88,90,0.1360203,0.008159617,0.008159617,0.0028199255
89,91,0.19460095,0.032899402,0.14733244,0.058580652
90,92,0.19630566,0.008773834,0.008773834,0.0017047077
91,93,0.12639287,0.007373768,0.14889328,-0.06991279
92,94,0.12870233,0.006832225,0.008130401,0.0023094565
93,95,0.12734081,0.0,0.006832225,-0.0013615191
94,96,0.12889387,0.004601937,0.004601937,0.0015530586
95,97,0.13147281,0.008268524,0.008268524,0.002578944
96,98,0.19272347,0.025505848,0.14569312,0.061250657
97,99,0.19428939,0.008638865,0.008638865,0.0015659183
98,100,0.13256387,0.0,0.14836013,-0.061725512
99,101,0.13423125,0.0044736858,0.0044736858,0.0016673803
100,102,0.13661027,0.006436173,0.0077425516,0.002379015
101,103,0.19582114,0.007368287,0.14693284,0.059210867
102,104,0.1972696,0.0068162335,0.008015549,0.0014484674
103,105,0.13657187,0.006931251,0.14634511,-0.060697734
104,106,0.19630566,0.0,0.14626847,0.059733793
105,107,0.19736819,0.0044707307,0.0044707307,0.0010625273
106,108,0.19917981,0.0079700025,0.0079700025,0.0018116236
107,109,0.12870233,0.0,0.14876315,-0.070477486
108,110,0.12998113,0.0044073826,0.0044073826,0.0012788028
109,111,0.13211225,0.006422978,0.0078516435,0.0021311194
110,112,0.19389129,0.0073338393,0.14530104,0.061779037
111,113,0.19522451,0.0067977738,0.007901165,0.0013332218
112,114,0.13220046,0.007021567,0.14479221,-0.063024044
113,115,0.19428939,0.0,0.14473996,0.06208892
114,116,0.19522549,0.0045196326,0.0045196326,0.00093610585
115,117,0.19704866,0.008202965,0.008202965,0.001823172
116,118,0.13711904,0.0063121216,0.14826466,-0.059929624
117,119,0.1972696,0.0,0.14598063,0.060150564
118,120,0.1981461,0.00424095,0.00424095,0.0008765012
119,121,0.19965564,0.006409351,0.0075398637,0.0015095323
120,122,0.19958901,0.006709663,0.008526251,-6.662309e-05
121,123,0.054336246,0.010133978,0.21076693,-0.14525276
122,124,0.05926862,0.012734255,0.013623926,0.0049323738
123,125,0.17360376,0.05716429,0.18943325,0.114335135
124,126,0.0,0.006793148,0.17360376,-0.17360376
125,127,0.18060385,0.018621871,0.18060385,0.18060385
126,128,0.07972976,0.07751386,0.18039842,-0.10087409
127,129,0.17218573,0.11784924,0.1732248,0.092455976
128,130,0.08941641,0.055213597,0.14893575,-0.08276933
129,131,0.035916705,0.035916705,0.08343801,-0.053499702
130,132,0.0987117,0.047904853,0.08187356,0.062795
131,133,0.092800364,0.008539971,0.049251247,-0.0059113353
132,134,0.04178959,0.014879468,0.074590236,-0.051010773
133,135,0.10129715,0.007584494,0.073390916,0.059507556
134,136,0.0987117,0.0,0.007584494,-0.0025854483
135,137,0.11317323,0.017384477,0.019653052,0.014461532
136,138,0.10680815,0.032497935,0.03642201,-0.006365083
137,139,0.10129715,0.0,0.033311617,-0.0055110008
138,140,0.11419077,0.006679815,0.017708013,0.012893625
139,141,0.109409094,0.0074128197,0.03538935,-0.0047816783
140,142,0.12600844,0.030598484,0.03193129,0.016599342
141,143,0.1268063,0.0065944945,0.0065944945,0.0007978678
142,144,0.043586604,0.03427171,0.11920521,-0.0832197
143,145,0.1543798,0.077511236,0.14745204,0.110793196
144,146,0.015222183,0.013127394,0.15614992,-0.13915762
145,147,0.17420766,0.019512152,0.17497204,0.15898548
146,148,0.012363363,0.012145109,0.1741171,-0.1618443
147,149,0.19114965,0.044802524,0.1910128,0.1787863
148,150,0.17951658,0.09608851,0.1687679,-0.011633068
149,151,0.19285925,0.043509137,0.13929251,0.013342664
150,152,0.01391172,0.007778682,0.19332919,-0.17894752
151,153,0.19444145,0.012123905,0.19409795,0.18052973
152,154,0.1960469,0.06303269,0.07483042,0.0016054511
153,155,0.041711226,0.009547342,0.19739,-0.15433568
154,156,0.19436085,0.0088578835,0.19735967,0.15264963
155,157,0.042442575,0.027834417,0.18891491,-0.15191828
156,158,0.07381845,0.0419987,0.07836011,0.031375878
157,159,0.1710141,0.04538036,0.15942472,0.09719565
158,160,0.18108706,0.049946476,0.060367897,0.010072961
159,161,0.025250183,0.013205569,0.17987853,-0.15583688
160,162,0.060035665,0.020640885,0.080817044,0.03478548
161,163,0.03047583,0.015736932,0.04044964,-0.029559834
162,164,0.043621644,0.011149801,0.023430899,0.013145814
163,165,0.13619798,0.08689913,0.1401901,0.09257634
164,166,0.07300803,0.0121701155,0.13105294,-0.06318995
165,167,0.14213188,0.04263977,0.12194232,0.06912385
166,168,0.1424138,0.039796572,0.055031285,0.00028191507
167,169,0.14873742,0.03917978,0.041367643,0.0063236207
168,170,0.08973579,0.016200569,0.12335623,-0.059001625
169,171,0.10195141,0.01816169,0.01816169,0.012215622
170,172,0.032127753,0.027275426,0.089415304,-0.06982366
171,173,0.103105314,0.01789787,0.08899403,0.07097756
172,174,0.09339037,0.008125067,0.023794072,-0.009714946
173,175,0.1045594,0.0073550115,0.017702818,0.011169031
174,176,0.04058971,0.0143998675,0.08253158,-0.06396969
175,177,0.10489691,0.007122165,0.08101691,0.0643072
176,178,0.110062666,0.011535041,0.020316891,0.0051657557
177,179,0.0911816,0.017078418,0.030711025,-0.018881068
178,180,0.11092208,0.0116943475,0.024686208,0.019740485
179,181,0.103105314,0.0,0.012546319,-0.007816769
180,182,0.11355411,0.004694028,0.014253482,0.010448799
181,183,0.10425606,0.029566217,0.031498544,-0.009298049
182,184,0.11134124,0.0067734737,0.040620044,0.0070851743
183,185,0.09390608,0.0075170617,0.029830344,-0.017435156
184,186,0.11176923,0.00659773,0.023074912,0.017863147
185,187,0.10489691,0.0,0.011294855,-0.0068723187
186,188,0.11419729,0.0045969514,0.012807271,0.009300381
187,189,0.10609354,0.006843512,0.03113585,-0.008103751
188,190,0.11092208,0.0,0.029758127,0.0048285425
189,191,0.115780555,0.0073702363,0.00894626,0.0048584715
190,192,0.11671468,0.026900247,0.026900247,0.000934124
191,193,0.11851685,0.003433184,0.003433184,0.0018021688
192,194,0.11176923,0.0,0.030169677,-0.0067476183
193,195,0.11626525,0.0063655037,0.008437285,0.004496023
194,196,0.11737424,0.0064562904,0.026879244,0.0011089891
195,197,0.119000934,0.0033909262,0.0033909262,0.0016266927
196,198,0.12148041,0.0075610126,0.008808017,0.0024794787
197,199,0.15475464,0.052307256,0.15629163,0.033274226
198,200,0.09040173,0.015292179,0.11659218,-0.06435291
